Skip to content
 
Search or jump to…

Pull requests
Issues
Marketplace
Explore
 @mcohoe Sign out
2
1 1 mcohoe/MESA_Everyday_Webapp
forked from FadiLabib/MESA_Everyday_Webapp
 Code  Pull requests 0  Projects 0  Wiki  Insights  Settings
MESA_Everyday_Webapp/Documents/devmed.sql
79248d5  28 days ago
@mcohoe mcohoe Added backup script for the devmed database
     
2677 lines (2598 sloc)  212 KB
-- phpMyAdmin SQL Dump
-- version 4.8.4
-- https://www.phpmyadmin.net/
--
-- Host: db.cecs.pdx.edu
-- Generation Time: Jan 14, 2019 at 06:35 PM
-- Server version: 5.7.24-0ubuntu0.16.04.1
-- PHP Version: 7.0.32-0ubuntu0.16.04.1

SET SQL_MODE = "NO_AUTO_VALUE_ON_ZERO";
SET AUTOCOMMIT = 0;
START TRANSACTION;
SET time_zone = "+00:00";


/*!40101 SET @OLD_CHARACTER_SET_CLIENT=@@CHARACTER_SET_CLIENT */;
/*!40101 SET @OLD_CHARACTER_SET_RESULTS=@@CHARACTER_SET_RESULTS */;
/*!40101 SET @OLD_COLLATION_CONNECTION=@@COLLATION_CONNECTION */;
/*!40101 SET NAMES utf8mb4 */;

--
-- Database: `devmed`
--

-- --------------------------------------------------------

--
-- Table structure for table `avatars`
--

CREATE TABLE `avatars` (
  `id` int(11) NOT NULL,
  `file_name` varchar(500) NOT NULL
) ENGINE=InnoDB DEFAULT CHARSET=latin1;

--
-- Dumping data for table `avatars`
--

INSERT INTO `avatars` (`id`, `file_name`) VALUES
(1, 'default.png'),
(2, 'Demo_Day_Logo.png'),
(3, 'Horizontal_Header.png'),
(4, 'illustration_logo_dark.png'),
(5, 'MESA OR_Logo_Large_25Years.jpg'),
(6, 'mesa-invention-b-2.png'),
(7, 'Portland_State_University.png');

-- --------------------------------------------------------

--
-- Table structure for table `badges`
--

CREATE TABLE `badges` (
  `badge_id` int(11) NOT NULL,
  `badge_name` varchar(50) NOT NULL,
  `color` varchar(7) DEFAULT NULL,
  `level1_points` int(11) DEFAULT NULL,
  `level2_points` int(11) DEFAULT NULL,
  `level3_points` int(11) DEFAULT NULL,
  `level4_points` int(11) DEFAULT NULL,
  `level5_points` int(11) DEFAULT NULL,
  `level6_points` int(11) DEFAULT NULL,
  `level7_points` int(11) DEFAULT NULL,
  `level8_points` int(11) DEFAULT NULL,
  `level9_points` int(11) DEFAULT NULL,
  `level10_points` int(11) DEFAULT NULL
) ENGINE=InnoDB DEFAULT CHARSET=latin1;

--
-- Dumping data for table `badges`
--

INSERT INTO `badges` (`badge_id`, `badge_name`, `color`, `level1_points`, `level2_points`, `level3_points`, `level4_points`, `level5_points`, `level6_points`, `level7_points`, `level8_points`, `level9_points`, `level10_points`) VALUES
(1, 'College Knowledge', '#ffffff', 7, 12, 17, NULL, NULL, NULL, NULL, NULL, NULL, NULL),
(2, 'Career Pro', '#ffffff', 3, 6, 10, NULL, NULL, NULL, NULL, NULL, NULL, NULL),
(3, 'Professional Development', '#ffffff', 3, 6, 9, NULL, NULL, NULL, NULL, NULL, NULL, NULL),
(4, 'MESA Expert', '#ffffff', 2, 4, 6, NULL, NULL, NULL, NULL, NULL, NULL, NULL);

-- --------------------------------------------------------

--
-- Table structure for table `level_reset`
--

CREATE TABLE `level_reset` (
  `refresh_date` date NOT NULL,
  `reset_interval` int(11) NOT NULL
) ENGINE=InnoDB DEFAULT CHARSET=latin1;

--
-- Dumping data for table `level_reset`
--

INSERT INTO `level_reset` (`refresh_date`, `reset_interval`) VALUES
('0000-01-01', 1);

-- --------------------------------------------------------

--
-- Table structure for table `roles`
--

CREATE TABLE `roles` (
  `role_id` int(11) NOT NULL,
  `role_name` varchar(6) DEFAULT NULL,
  `description` varchar(500) DEFAULT NULL
) ENGINE=InnoDB DEFAULT CHARSET=latin1;

--
-- Dumping data for table `roles`
--

INSERT INTO `roles` (`role_id`, `role_name`, `description`) VALUES
(1, 'user', 'Regular user of the application'),
(2, 'admin', 'Unique user with admin privileges');

-- --------------------------------------------------------

--
-- Table structure for table `schools`
--

CREATE TABLE `schools` (
  `school_id` int(11) NOT NULL,
  `school_name` varchar(50) NOT NULL,
  `district` varchar(50) DEFAULT NULL,
  `city` varchar(50) DEFAULT NULL,
  `state` varchar(20) DEFAULT NULL,
  `zip_code` varchar(5) DEFAULT NULL
) ENGINE=InnoDB DEFAULT CHARSET=latin1;

--
-- Dumping data for table `schools`
--

INSERT INTO `schools` (`school_id`, `school_name`, `district`, `city`, `state`, `zip_code`) VALUES
(1, 'Astor School', 'Portland School District', 'Portland', 'OR', '97203'),
(2, 'George Middle School', 'Portland School District', 'Portland', 'OR', '97203');

-- --------------------------------------------------------

--
-- Table structure for table `stamps`
--

CREATE TABLE `stamps` (
  `stamp_id` int(11) NOT NULL,
  `stamp_name` varchar(100) NOT NULL,
  `badge_id` int(11) NOT NULL,
  `points` int(11) NOT NULL,
  `url` varchar(260) DEFAULT NULL
) ENGINE=InnoDB DEFAULT CHARSET=latin1;

--
-- Dumping data for table `stamps`
--

INSERT INTO `stamps` (`stamp_id`, `stamp_name`, `badge_id`, `points`, `url`) VALUES
(1, 'Attend MESA Day', 1, 5, NULL),
(2, 'Attend a MESA college tour', 1, 3, NULL),
(3, 'Go on a college tour', 1, 3, NULL),
(4, '1:1 Meeting with College Expert', 1, 2, NULL),
(5, 'Complete a Scholarship Application', 1, 1, NULL),
(6, 'Create a plan for paying for college', 1, 1, NULL),
(7, 'Fill out the FAFSA', 1, 1, NULL),
(8, 'Fill out the OSAC', 1, 1, NULL),
(9, 'Learning Styles Activity', 1, 1, NULL),
(10, 'College Lingo Activity', 1, 1, NULL),
(11, 'FAFSA Webinar', 1, 1, NULL),
(12, 'Filling out OSAC Webinar', 1, 1, NULL),
(13, 'Types of Colleges Webinar', 1, 1, NULL),
(14, 'Attend tutoring sessions', 1, 1, NULL),
(15, 'Create the perfect study session webinar', 1, 1, NULL),
(16, 'Take the PSAT or PACT', 1, 1, NULL),
(17, 'Take the SAT, SAT II, ACT', 1, 1, NULL),
(18, 'Create your schedule activity', 1, 1, NULL),
(19, 'Attend a college student panel', 1, 1, NULL),
(20, 'Attend Demo Day', 2, 2, NULL),
(21, 'Career Exploration activity', 2, 1, NULL),
(22, 'Go on a Career field trip', 2, 1, NULL),
(23, 'Get Real Activity', 2, 1, NULL),
(24, 'Complete a Job Shadow', 2, 1, NULL),
(25, 'Complete an Internship', 2, 1, NULL),
(26, 'Interview someone in your field', 2, 1, NULL),
(27, 'Apply to a job', 2, 1, NULL),
(28, 'Career Personality Test', 2, 1, NULL),
(29, 'Create a Professional Email signature', 2, 1, NULL),
(30, 'Hold a part time job', 2, 1, NULL),
(31, 'Interview questions Activity', 2, 1, NULL),
(32, 'Attend a Career talk', 2, 1, NULL),
(33, 'Elevator Pitch Activity', 3, 1, NULL),
(34, 'Resume workshop', 3, 1, NULL),
(35, 'Mock Interviews', 3, 1, NULL),
(36, 'Write a mock cover letter', 3, 1, NULL),
(37, '5/10 year plan worksheet', 3, 1, NULL),
(38, 'Budget Prediction Activity', 3, 1, NULL),
(39, 'How to prioritize', 3, 1, NULL),
(40, '2 - 1 - 6 - 1 plan', 3, 1, NULL),
(41, 'Skills vs Traits Activity', 3, 1, NULL),
(42, 'How to Manage Time Activity', 3, 1, NULL),
(43, 'Set up a Google Calendar', 3, 1, NULL),
(44, 'Turn in a MESA application', 4, 1, NULL),
(45, 'Turn in MESA Day National Form', 4, 1, NULL),
(46, 'Attend a Family Night', 4, 1, NULL),
(47, 'Compete at MESA Day', 4, 1, NULL),
(48, 'Showcase at Demo Day', 4, 1, NULL),
(49, 'Invention Ambassadors', 4, 1, NULL),
(50, 'Turn in a Video for Fall Competition', 4, 1, NULL),
(51, 'Compete on a Nationals Track team', 4, 1, NULL);

-- --------------------------------------------------------

--
-- Table structure for table `users`
--

CREATE TABLE `users` (
  `user_id` int(11) NOT NULL,
  `username` varchar(20) NOT NULL,
  `first_name` varchar(25) NOT NULL,
  `last_name` varchar(25) NOT NULL,
  `picture` varchar(260) NOT NULL,
  `avatar_id` int(11) NOT NULL DEFAULT '1',
  `email` varchar(254) NOT NULL,
  `school_id` int(11) DEFAULT NULL,
  `ssb` varchar(64) NOT NULL,
  `last_login` datetime DEFAULT NULL,
  `role` varchar(6) DEFAULT NULL
) ENGINE=InnoDB DEFAULT CHARSET=latin1;

--
-- Dumping data for table `users`
--

INSERT INTO `users` (`user_id`, `username`, `first_name`, `last_name`, `picture`, `avatar_id`, `email`, `school_id`, `ssb`, `last_login`, `role`) VALUES
(2, 'tjones', 'Tom', 'Jones', 'default.png', 1, 'michaelccohoe@gmail.com', 1, '$2b$12$kbbKBpubFiF6H6N.Zf/BbuNWb3vlQjaWoRKO6Ohn49kUUTRmevFXC', '2019-01-14 14:39:05', 'user'),
(4, 'jsmith', 'Johny', 'Smith', 'mesa-invention-b-2.png', 6, 'shmoopshybob@gmail.com', 2, '$2b$12$AcrGfPCnEGsnAtTcQGLqmeM3tK.3Vc5cuN7cjGPT.s6l0plwEkoau', '2019-01-10 16:24:37', 'user'),
(5, 'jdoe', 'Jane', 'Doe', 'default.png', 1, 'mcohoe@pdx.edu', 1, '$2b$12$1YxZ6IIHTOadrf3lNKd9FOkDFpaoRXlYO4FN8WNREz81EJ3MyIA1y', NULL, 'user'),
(6, 'jjohnson', 'Jake', 'Johnson', 'default.png', 1, 'shmoopshybo@gmail.com', 2, '$2b$12$Zv06dAVRIbjzOGOATnyRieBTECJ03hgRzmnavbQq3Sy3kPEMTgM.2', NULL, 'user'),
(7, 'scarter', 'Sarah', 'Carter', 'default.png', 1, 'mccohoe@gmail.com', 1, '$2b$12$/UE7J6j3HBGusBDffsYh0OusIG1pbfOItCRt1NNd3fD/8UEJXw7yK', NULL, 'user'),
(8, 'somethingcool', 'itsme', 'stillme', 'default.png', 1, 'really@good.com', 1, '$2b$12$.NHFK3q.0kCwPBQCLH8NXuWP98dTm5wMdTTBZIXFcvQxKZc68YpXa', NULL, 'user'),
(9, 'bartlett', 'christopher', 'bartlett', 'default.png', 1, 'bartlett@pdx.edu', 2, '$2b$12$OMwzTtp8Nj848dFRL2I49uE1iz/Vyp7A3tEs0K/zCwC4Jtr/aeN5C', NULL, 'user'),
(10, 'bob', 'first', 'lastington', 'default.png', 1, 'bob@pdx.edu', 1, '$2b$12$JdN8BNRtp5d0OAOfz4RaK.3.xi7p67Ays88MHfPt0QfuWRuhCDSAS', NULL, 'user'),
(11, 'flastington', 'firstly', 'lastington', 'default.png', 1, 'firstly@pdx.edu', 1, '$2b$12$hYHJNk3JJJHUSBm2CI3MH.8rm7xrdDeX76k7PNxITGsBairnUZmM2', NULL, 'user'),
(12, 'lastlyfirst', 'lastly', 'firstington', 'default.png', 1, 'lastly@pdx.edu', 1, '$2b$12$QWbkOSOZeeHOKfCdVEt/ke/v0G70sTrdEThBBBXmzmzFdKx1SSPhq', NULL, 'user'),
(14, 'mcohoe', 'Michael', 'Cohoe', 'default.png', 1, 'unitiongears@gmail.com', 1, '$2b$12$XYbfsTORECm2BcLTaD9M4.YZf0elu0fZHP/OhiHG.kgvuAbHFMq3m', NULL, 'user'),
(21, 'fadi', 'Fadi', 'Labib', 'default.png', 1, 'flabib@pdx.edu', 1, '$2b$12$IPqJUIYB5EzHTA03SISRCOY9FEq0PKRaSYc5Q.ng43q7zr5Yd8Gcy', NULL, 'user'),
(22, 'cleanrepo', 'Test', 'Clean', 'default.png', 1, 'cleanrepo@pdx.edu', 1, '$2b$12$UQAhRwLos2SDthX1jBHbw.f2vg5EDzhHZRTb7DewhcnjsDN9qT.gi', NULL, NULL),
(23, 'noemail', 'noemail', 'noemail', 'default.png', 1, 'flabib@troko.edu', 1, '$2b$12$A4swRmi4XofuOZg/60bE4ultPJEZzS5W019g9R2SqShr2ts7o8VH6', NULL, NULL),
(24, 'natsu', 'm', 'l', 'default.png', 1, 'minwei@pdx.edu', 2, '$2b$12$3As9qYInC948fIqzKjDzbuaiG3FoghghA22OgqylQNjzCvlxuWPba', '2019-01-14 18:10:20', NULL),
(26, 'minh', 'Minh', 'Nguyen', '1c76de5a0fa9f93e.jpg', 7, 'minh9@pdx.edu', 2, '$2b$12$bEW/JQc6V9tMus8G4/hdnOdV7cfCzmTVukPhAHKcOdSFLZc8Cbuw.', NULL, NULL),
(27, 'falalala', 'Fadi', 'Labib', 'default.png', 1, 'falalala@pdx.edu', 1, '$2b$12$iNQm9ukCbHZ0aIQsin.wveKndK2VYm4vyRKHsSXGeSbXH7pNMe5vy', NULL, NULL),
(28, 'mn546', 'm', 'n', 'default.png', 1, 'a@yahoo.com', 1, '$2b$12$QMcfh1bsSCW05.tPQ6F0DObJsnZHRCt4NOs.HAZFgoc3pd1md4w.y', NULL, NULL),
(29, 'mn092', 'm', 'n', 'default.png', 1, 'a@yahoo.com', 1, '$2b$12$Qu4yfmeS6SFZRlJr4pHA1OejZBRLsET610kZlrNL49Oa7Y3.Me7T2', NULL, NULL),
(30, 'mn255', 'm', 'n', 'default.png', 1, 'a@yahoo.com', 1, '$2b$12$ftCVrSQfSGCHGO7m7ph0wuKYAmLqcDT19znqWhAaeuYa0vthroPwa', NULL, NULL),
(31, 'mn395', 'm', 'n', 'default.png', 1, 'test@yahoo.com', 1, '$2b$12$DZrkqzyQif2p9VV8m8Xx5un08fhiMs7ePCpi0jYFKLcWU7PtoFJnG', NULL, NULL),
(32, 'mn414', 'm', 'n', 'default.png', 1, 'min9@pdx.edu', 1, '$2b$12$HjxyXDeAWYfOibcuBvfdT.Onl7Jkovma04m6T1laAE4bNFFV9ITG2', NULL, NULL),
(33, 'mn551', 'm', 'n', 'default.png', 1, 'min9@pdx.edu', 1, '$2b$12$F0JWJ6OHUAFqu.xV9PRupO8ka4srGQAOMHOE7aVxw3MXBroJ31LxO', NULL, NULL),
(34, 'mn719', 'm', 'n', 'default.png', 1, 'minh9@pdx.edu', 1, '$2b$12$EMb0BtbbsQMnIYuSc6uda.PXUFnDFfIdN1O70h8djDfCnh2al.M7y', NULL, NULL),
(35, 'mn413', 'm', 'n', 'default.png', 1, 'minh9@pdx.edu', 1, '$2b$12$GqdfYNHMU3Dt/0M76ZJ7ZelicD4jCyc/r8o19gaZL5pIiq6wQZtki', NULL, NULL),
(36, 'mn238', 'm', 'n', 'default.png', 1, 'minh9@pdx.edu', 1, '$2b$12$50LXp7jOr2ZHdxxEYNVtResP2/cEUf1KEW9vOnYdvUlkePIval1WG', NULL, NULL),
(37, 'mn799', 'm', 'n', 'default.png', 1, 'minh9@pdx.edu', 1, '$2b$12$O9u4dychfGog9Mo97wGmyexQFxEEBLxODa5dG/VmPtPuEeCaDYRR.', NULL, NULL),
(38, 'mn412', 'm', 'n', 'default.png', 1, 'minh9@pdx.edu', 1, '$2b$12$Nnpoh36AVr0bRKiL19veD.MLFpbgRqwkCuFO6Kaoc3LPscx5Gx3iC', NULL, NULL),
(39, 'mn674', 'm', 'n', 'default.png', 1, 'minh9@pdx.edu', 1, '$2b$12$H7JbyNypT59wGGul3YJqGeTbGdcmok9ozuJbJjKn9sv3uGu1umznS', NULL, NULL),
(40, 'mn518', 'm', 'n', 'default.png', 1, 'minh9@pdx.edu', 1, '$2b$12$5BBSNI7QXoKFWNE5tqDcMehrDvQvigSWdeUiVftdP8G77pgXGOpTm', NULL, NULL),
(41, 'mn814', 'm', 'n', 'default.png', 1, 'minh9@pdx.edu', 1, '$2b$12$3yUENIqzNFLCHkow8LImmurt8j5R2mN7fE/om2i6bjXB.CqLv7dT.', NULL, NULL),
(42, 'minh', 'm', 'n', 'default.png', 1, 'mnpdx2@gmail.com', 1, '$2b$12$TuzuupI9D.2pxPrPzU9v4exkqwjgx5vZUptC/sjMfVaR4pfoTnTam', NULL, NULL),
(43, 'minh', 'm`', 'n', 'default.png', 1, 'minh@pdx.edu', 1, '$2b$12$D3sjnu2numF8a2fmLjM/X.ZH3kI1kjyj9kRJc5Y9rHSAvj8Gyg0km', NULL, NULL),
(44, 'fladio', 'Fadi', 'Labib', 'default.png', 1, 'tranko@trooto.edu', 1, '$2b$12$macjKB9STOJqJcKOdNaOa.X3R2Dc1/ahRNYnM8EgH6F6O9RzL9j76', NULL, NULL),
(45, 'what', 'who', 'care', 'default.png', 1, '1@q.com', 1, '$2b$12$rxf/mS4rCVSy3/e25gMFpOZLuMTozE4n/FfuqDgrK0oahoJOraJLa', NULL, NULL),
(46, 'tredo', 'Tredo', 'Ledo', 'default.png', 1, 'tredo@tredo.edu', 1, '$2b$12$MR7bLr/kakQ.8zhU3jiI7e5HbcT1Zf3gPXLLvhUrfZPoRWw4VaoTu', NULL, NULL),
(47, 'mn740', 'm', 'n', 'default.png', 1, 'minh9@pdx.edu', 1, '$2b$12$PS4mJzoeXDthI3b7Ti3bJuwmx9yMKowfEjau9bIh0oCO2CK3oEG/y', NULL, NULL),
(48, 'admin', 'admin', 'admin', 'default.png', 1, 'mwan@pdx.edu', 1, '$2b$12$91bUr4jRJzkzXR5NSEo8meBPfXKu6sNcGazbXcPyB2S70.QiyYyBq', '2018-12-24 18:22:13', 'admin'),
(49, 'MinhNguyen421', 'Minh', 'Nguyen', 'default.png', 1, 'minh10@pdx.edu', 1, '$2b$12$K8uY..jdu1OwS6dKzXqBk.RrezdVTCzupwMMiZ4fH2VlENOhaGcT6', NULL, NULL),
(50, 'asfsdf292', 'asf', 'sdf', 'default.png', 1, 'fsdf', 1, '$2b$12$V21ibjUgJ7cCF2DigpgT3.iCXUflftAV2yu7uqBnz/OBDN/3nBIae', NULL, NULL),
(51, 'asfsdf935', 'asf', 'sdf', 'default.png', 1, 'fsdf', 1, '$2b$12$CJorvjQgwUfLgkxCVNoaSe.eB6qVXCKBkhnJ0E.qdCfDpYH0WDlEK', NULL, NULL),
(52, 'MInhNguyen391', 'MInh', 'Nguyen', 'default.png', 1, 'a@yahoo.com', 1, '$2b$12$tzGtfaf79Uh2uvCKVlnqCOFaZKDddWQ8e1errohYp9F8klDx.6F2q', NULL, NULL),
(53, 'MichaelCohoe080', 'Michael', 'Cohoe', 'default.png', 1, 'shmoopshybob01@gmail.com', 1, '$2b$12$bD1J5Tv0ovS4reuUYBh6B.ccyZ71ZcY.AZJPNi0lPDyrQIsrgu6.y', NULL, NULL),
(54, 'MichaelCohoe590', 'Michael', 'Cohoe', 'default.png', 1, 'shmoopshybob02@gmail.com', 1, '$2b$12$N.y4M.VJcAKomxn2zYBCQ.obVhuveu4fWcoUJVNdl9LiP6i7euhE2', NULL, NULL),
(55, 'DavdiCohoe268', 'Davdi', 'Cohoe', 'default.png', 1, 'shmoopshybob03@gmail.com', 1, '$2b$12$DGPZ760NgtuzqyHJs6Yd4ewBQEAsUtpp2VQwfFwagiJjPeTWzlTEy', NULL, NULL),
(56, 'MichaelCohoe588', 'Michael', 'Cohoe', 'default.png', 1, 'michaelccohoe1@gmail.com', 1, '$2b$12$gu2VhhFdquXY8rlrK5znlei5Tf/5ewokAEG/7It2OWPrMFjwaynnu', NULL, NULL),
(57, 'MichaelCohoe690', 'Michael', 'Cohoe', 'default.png', 1, 'michaelccohoe2@gmail.com', 1, '$2b$12$nhYH3NGVCx4.uhUB7bvBF./0ZEZ7iSttl3scRCqp.tMtDm2nFeAF.', NULL, NULL),
(58, 'MichaelCohoe001', 'Michael', 'Cohoe', 'default.png', 1, 'michaelccohoe3@gmail.com', 1, '$2b$12$0XhVRu8JvOmQJWo9U.7dPeDJ/LQpzuf6NAKnDPP/0Hw11rrJFvPW2', NULL, NULL),
(59, 'MichaelCohoe002', 'Michael', 'Cohoe', 'default.png', 1, 'michaelccohoe4@gmail.com', 1, '$2b$12$KpmxgDdVQuYYephmRxfWU.86xph/zplhd9l3iESE32lgop9bs7SPq', NULL, NULL),
(60, 'MichaelCohoe010', 'Michael', 'Cohoe', 'default.png', 1, 'michaelccohoe5@gmail.com', 1, '$2b$12$zLxPTeYCFlZ9.7WQzlqnWu8/0DaM2Ri4NY.KNx97sFpdXK1Ms5wyO', NULL, NULL),
(61, 'MichaelCohoe011', 'Michael', 'Cohoe', 'default.png', 1, 'michaelccohoe6@gmail.com', 1, '$2b$12$/7KWB8qbYmSORgFa5En3Cu5DuSMhVE8sGlRjSy89jOVMEQGfiIWau', NULL, NULL),
(62, 'MichaelCohoe012', 'Michael', 'Cohoe', 'default.png', 1, 'michaelccohoe7@gmail.com', 1, '$2b$12$kRRBgilRqW6zFi9Sfz/ndeoqSUligkoKcY8FQamWhZ.IgdP0xNfLK', NULL, NULL),
(63, 'MichaelCohoe101', 'Michael', 'Cohoe', 'default.png', 1, 'michaelccohoe8@gmail.com', 1, '$2b$12$uk2BUIGJlHNgH752nY8eZeq77/UFEBiT3.Yw2Q8ZWobVgbxaVo5eO', NULL, NULL),
(64, 'MichaelCohoe102', 'Michael', 'Cohoe', 'default.png', 1, 'michaelccohoe9@gmail.com', 1, '$2b$12$yodSzJL5aIgoVn6Zg9ktQuMtdMnY15LgrdQ639cDwwo5b7rtAG8D2', NULL, NULL),
(65, 'MichaelCohoe103', 'Michael', 'Cohoe', 'default.png', 1, 'michaelccohoe10@gmail.com', 1, '$2b$12$q2Oh0Zbyzwt0bnZEiOYyC.sD28SI2WZvS.DaCelb4.Hp9qv2v8UH6', NULL, NULL),
(66, 'MichaelCohoe999', 'Michael', 'Cohoe', 'default.png', 1, 'michaelccohoe11@gmail.com', 1, '$2b$12$Bp5si1phBfhjpx7RsWIc0elR3oZRdZtIim66Iev9zlB9j2F9LD1rm', NULL, NULL),
(67, 'MichaelCohoe000', 'Michael', 'Cohoe', 'default.png', 1, 'michaelccohoe12@gmail.com', 1, '$2b$12$b6JXEzcapXVI9DCh3rH56.R765kU0STQGTvNvRx7CqWD8tUAyfLAy', NULL, NULL),
(68, 'MichaelCohoe003', 'Michael', 'Cohoe', 'default.png', 1, 'michaelccohoe13@gmail.com', 1, '$2b$12$Ub6a7viRaWZE9V7sNTjAa.3NA.7ecopvwf3Af56iUPR8tfr25IlOm', NULL, NULL),
(69, 'JohnyJohn480', 'Johny', 'John', 'default.png', 1, '1johnjohnyslongfortesting@gmail.com', 1, '$2b$12$hRC53bB7IHhlFSKRddKX7eK2C/7Z3lCYgX/Qzh0mOCsooWyOv0rIu', NULL, NULL),
(70, 'JohnyJohn310', 'Johny', 'John', 'default.png', 1, '2johnjohnyslongfortesting@gmail.com', 1, '$2b$12$hBBlGCEC1nk.8m/JVnA..Otgcesv/CUNDeiqqTpPHh/rMZhCxYUGG', NULL, NULL),
(71, 'JohnyJohn553', 'Johny', 'John', 'default.png', 1, '3johnjohnyslongfortesting@gmail.com', 1, '$2b$12$oa0hFcOAV/Pm2gZ1hT7QleDn0G8MSZ4.Z.v/dyM5HwlChnvhMdojq', NULL, NULL),
(72, 'JohnyJohn797', 'Johny', 'John', 'default.png', 1, '4johnjohnyslongfortesting@gmail.com', 1, '$2b$12$eA9Saw0esQtakicTiMKotOkyOS1wg0X0iTtTlOpWFvBGjh3LUkfl.', NULL, NULL),
(73, 'JohnyJohn044', 'Johny', 'John', 'default.png', 1, '5johnjohnyslongfortesting@gmail.com', 1, '$2b$12$7XyonEl7vBcrER2odmw8negOD2Wp2lzwxgvOlQiZdBQDurSLyMcZu', NULL, NULL),
(74, 'JohnyJohn257', 'Johny', 'John', 'default.png', 1, '6johnjohnyslongfortesting@gmail.com', 1, '$2b$12$Ji/7khaj8eF8FljXfwlmgebGLiECXC0qdgPVCEZ6yM.kCKPegJ5le', NULL, NULL),
(75, 'JohnyJohn438', 'Johny', 'John', 'default.png', 1, '7johnjohnyslongfortesting@gmail.com', 1, '$2b$12$ib2MD/W33EMJj0bCkR5Igu5TuSI9LczeNSRhp1DjAKEZE8Hk6bvme', NULL, NULL),
(76, 'JohnyJohn282', 'Johny', 'John', 'default.png', 1, '8johnjohnyslongfortesting@gmail.com', 1, '$2b$12$LEzlMZBFid4xXIXBtsz.Y.8bSdp1XW86A32lJRoGKb47MJEOi66RG', NULL, NULL),
(77, 'JohnyJohn513', 'Johny', 'John', 'default.png', 1, '9johnjohnyslongfortesting@gmail.com', 1, '$2b$12$vBCTFRv5N0po1EPAdtjwiexhH1ymz8LrzzJEufQwu4ls1pzdJQ/jO', NULL, NULL),
(78, 'JohnyJohn565', 'Johny', 'John', 'default.png', 1, '10johnjohnyslongfortesting@gmail.com', 1, '$2b$12$qtlT11pAaVoe1eEnknT4g.fnz3yVNxohhYvWRe.iIF159UKdt3EcO', NULL, NULL),
(79, 'JohnyJohn618', 'Johny', 'John', 'default.png', 1, '11johnjohnyslongfortesting@gmail.com', 1, '$2b$12$hZ/IIcWJi1qF53HUOfNOAOK6ElCIhyrNRqbqxHhLjKjCfvnVWcM3.', NULL, NULL),
(80, 'JohnyJohn366', 'Johny', 'John', 'default.png', 1, '12johnjohnyslongfortesting@gmail.com', 1, '$2b$12$Mon7j.YoZzCDT/d/971czeeYcu91pyBPfO63DvXAJgh/SPFivEsqy', NULL, NULL),
(81, 'JohnyJohn406', 'Johny', 'John', 'default.png', 1, '13johnjohnyslongfortesting@gmail.com', 1, '$2b$12$4GSe.XofWDxcivAXYRoOre7jI1tVGyzwigGfK5MAkFRKeT8Hrw5yy', NULL, NULL),
(82, 'JohnyJohn582', 'Johny', 'John', 'default.png', 1, '14johnjohnyslongfortesting@gmail.com', 1, '$2b$12$KvwtbNr.ikbq5mnxlSsW9OpZrND8YmqHstVrNUNlRiM..t/Wd5j6G', NULL, NULL),
(83, 'JohnyJohn950', 'Johny', 'John', 'default.png', 1, '15johnjohnyslongfortesting@gmail.com', 1, '$2b$12$azPnYDakj5XbELAL7R1nNOEz9QcJ82oJS5M/tu49wud35R9GupXSu', NULL, NULL),
(84, 'JohnyJohn686', 'Johny', 'John', 'default.png', 1, '16johnjohnyslongfortesting@gmail.com', 1, '$2b$12$kQdE623cDVPkMHmgvL6sv.nFcYnT8wMAqX7FLkCyi2171KCn8I9ga', NULL, NULL),
(85, 'JohnyJohn274', 'Johny', 'John', 'default.png', 1, '17johnjohnyslongfortesting@gmail.com', 1, '$2b$12$aKyYhG2v9ShR0ih4ayZffO/HzhJD7K/owQBviNVMmuZpVIwVWadFC', NULL, NULL),
(86, 'JohnyJohn246', 'Johny', 'John', 'default.png', 1, '18johnjohnyslongfortesting@gmail.com', 1, '$2b$12$dVAojPE8IkQqL6qTtB.FJeMSqm1gAfFyCnFtiByCqDeE4mEeRzvm6', NULL, NULL),
(87, 'JohnyJohn577', 'Johny', 'John', 'default.png', 1, '19johnjohnyslongfortesting@gmail.com', 1, '$2b$12$ZNMJ1ZpT7OcLnYrc.CwJZ.tAlTeODu/eV8qqMvXx/SdshpZXRj6bq', NULL, NULL),
(88, 'JohnyJohn511', 'Johny', 'John', 'default.png', 1, '20johnjohnyslongfortesting@gmail.com', 1, '$2b$12$OzvPnXdwNZq.9huWj8FIHeYxVwHPNi01VTXbNxsM0ngexoH8aK9/S', NULL, NULL),
(89, 'JohnyJohn971', 'Johny', 'John', 'default.png', 1, '21johnjohnyslongfortesting@gmail.com', 1, '$2b$12$igBTWQLLz1RqnrAnrIFvre/SWJm7CV7dAIETFHEUqsW/eVIBgt4vy', NULL, NULL),
(90, 'JohnyJohn363', 'Johny', 'John', 'default.png', 1, '22johnjohnyslongfortesting@gmail.com', 1, '$2b$12$K8608o9EZoz.efiOmPdmyu/zhFAm.cGN5ceZhGgXDkqN1U2TCvUL6', NULL, NULL),
(91, 'JohnyJohn760', 'Johny', 'John', 'default.png', 1, '23johnjohnyslongfortesting@gmail.com', 1, '$2b$12$nhytzUTIxONS.5redM3iZOL6kkbTVyT/aKZGUEPoY3gUSpYBtj796', NULL, NULL),
(92, 'JohnyJohn873', 'Johny', 'John', 'default.png', 1, '24johnjohnyslongfortesting@gmail.com', 1, '$2b$12$unnktg2H0HKQdF0Zoh2jUe3vOuOP.PP48AggCmxtL9FKzJ7JhZ3rK', NULL, NULL),
(93, 'JohnyJohn912', 'Johny', 'John', 'default.png', 1, '25johnjohnyslongfortesting@gmail.com', 1, '$2b$12$WVPKsDKDgWjXg7gA786CseVC4KJI1gnDbly5jLcUwd1g3jn87KbQ6', NULL, NULL),
(94, 'JohnyJohn920', 'Johny', 'John', 'default.png', 1, '26johnjohnyslongfortesting@gmail.com', 1, '$2b$12$W4PtSnUt81bRR0rSfjYyKeAj7iRp4XjYw7h9BBwL52RFW8R8KAOUq', NULL, NULL),
(95, 'JohnyJohn341', 'Johny', 'John', 'default.png', 1, '27johnjohnyslongfortesting@gmail.com', 1, '$2b$12$3Y4IkNaNWtS9m5fhnStzuOmihfCmpwcom5MLouvyWFOXOJH8wjtzW', NULL, NULL),
(96, 'JohnyJohn095', 'Johny', 'John', 'default.png', 1, '28johnjohnyslongfortesting@gmail.com', 1, '$2b$12$MqgZaPGVJjP6F3PkxkCZg.I9wonXr4jlhOCCKy.3kXx7KfXnRThK.', NULL, NULL),
(97, 'JohnyJohn206', 'Johny', 'John', 'default.png', 1, '29johnjohnyslongfortesting@gmail.com', 1, '$2b$12$9ZtFCd/JPq8lLQx3GBMxIufBxFBHESzK4AZVS5uSaOTpHMStuWfEm', NULL, NULL),
(98, 'JohnyJohn886', 'Johny', 'John', 'default.png', 1, '30johnjohnyslongfortesting@gmail.com', 1, '$2b$12$t5T0jvCxP1kfqWSg8C4TkevDjD3YfUhtw26uSlX9HUCL0w3id9Ilu', NULL, NULL),
(99, 'JohnyJohn080', 'Johny', 'John', 'default.png', 1, '31johnjohnyslongfortesting@gmail.com', 1, '$2b$12$oHyD.zClz3J0uduKyCyR1ukutmLZlaut2Il2tURycKn54PlB43Dqy', NULL, NULL),
(100, 'JohnyJohn477', 'Johny', 'John', 'default.png', 1, '32johnjohnyslongfortesting@gmail.com', 1, '$2b$12$Gax6gNy4Ru0C1CexZyWBmOxdv4rEts2rPBFnOp11XFhtyoyIZuBty', NULL, NULL),
(101, 'JohnyJohn840', 'Johny', 'John', 'default.png', 1, '33johnjohnyslongfortesting@gmail.com', 1, '$2b$12$06zMRN6BlQnDKncaJKrAw.CfyHG.BVXL.vAZ0/LxZeLlMnQbzRRbi', NULL, NULL),
(102, 'JohnyJohn051', 'Johny', 'John', 'default.png', 1, '34johnjohnyslongfortesting@gmail.com', 1, '$2b$12$QFGzp9Rocx1mMlVLX49cVO7rkIHSknAyq3tTamOMJThcPpIMYBIwm', NULL, NULL),
(103, 'JohnyJohn392', 'Johny', 'John', 'default.png', 1, '35johnjohnyslongfortesting@gmail.com', 1, '$2b$12$MTRcy1RDgfMYmXJJhntdpu0F1XOMMWebfOoZE4sebLFpUivSWvq0S', NULL, NULL),
(104, 'JohnyJohn560', 'Johny', 'John', 'default.png', 1, '36johnjohnyslongfortesting@gmail.com', 1, '$2b$12$cfQTZCSbo8MkBzfRcoSXJeGglqLk157u0e7Z4kQiUZ7Mw8u/k50TG', NULL, NULL),
(105, 'JohnyJohn239', 'Johny', 'John', 'default.png', 1, '37johnjohnyslongfortesting@gmail.com', 1, '$2b$12$FniOGPAKgMCHEg2HxT8vMePVRDjpPuddbiYjmw2pJSskFu7jojWKm', NULL, NULL),
(106, 'JohnyJohn459', 'Johny', 'John', 'default.png', 1, '38johnjohnyslongfortesting@gmail.com', 1, '$2b$12$65dTlaQzJNuU6vRti8380OZsDYSV2xj51SckRHqsIyLw.10i.FWJC', NULL, NULL),
(107, 'JohnyJohn549', 'Johny', 'John', 'default.png', 1, '39johnjohnyslongfortesting@gmail.com', 1, '$2b$12$rWkP96OY82xLKebGIr56Z.wvKaa2I6lm8oqsIJbs9shJyhKplJniS', NULL, NULL),
(108, 'JohnyJohn661', 'Johny', 'John', 'default.png', 1, '40johnjohnyslongfortesting@gmail.com', 1, '$2b$12$tjHjD6Vg/QElQN.Ak1L11O376U5unH81YSYJDU4ZZ0hA20w8fN5z6', NULL, NULL),
(109, 'JohnyJohn049', 'Johny', 'John', 'default.png', 1, '41johnjohnyslongfortesting@gmail.com', 1, '$2b$12$lGJsMnahhRN8w7Wyo5Y5d.ofrFYiJev5RthGCe0741WqgU.kD7ri2', NULL, NULL),
(110, 'JohnyJohn945', 'Johny', 'John', 'default.png', 1, '42johnjohnyslongfortesting@gmail.com', 1, '$2b$12$RhiQ6nBWA9bQTIhg8eMjNeqNn8gLtHYAaF1ER84AVv/oL2UZc20/m', NULL, NULL),
(111, 'JohnyJohn346', 'Johny', 'John', 'default.png', 1, '43johnjohnyslongfortesting@gmail.com', 1, '$2b$12$llvlJJOhpFanZlzZ/qsSZuU9NhlgOh6HItHDKKwxGAjycwTf44Rsa', NULL, NULL),
(112, 'JohnyJohn036', 'Johny', 'John', 'default.png', 1, '44johnjohnyslongfortesting@gmail.com', 1, '$2b$12$TiX8G5rf.74LaRjMi3NsE.G.H98fYZAXuuvsmPMtLYzw/Um6E.zZK', NULL, NULL),
(113, 'JohnyJohn495', 'Johny', 'John', 'default.png', 1, '45johnjohnyslongfortesting@gmail.com', 1, '$2b$12$OcXPEcg4J5llQRDeo.G1n.4tn1TshS.RjlYjrjXCvk0J0canebjrS', NULL, NULL),
(114, 'JohnyJohn653', 'Johny', 'John', 'default.png', 1, '46johnjohnyslongfortesting@gmail.com', 1, '$2b$12$FUhqhn2GzcE669YTYt0Yh.OGg2C6OVeDxcCwNTWJr1YZz6rZNO6eW', NULL, NULL),
(115, 'JohnyJohn927', 'Johny', 'John', 'default.png', 1, '47johnjohnyslongfortesting@gmail.com', 1, '$2b$12$xgx1yDTKBg58mnX9mOi2Iu0MT/gUzjzhNxPK77TQr0qZUGu5HmdMi', NULL, NULL),
(116, 'JohnyJohn682', 'Johny', 'John', 'default.png', 1, '48johnjohnyslongfortesting@gmail.com', 1, '$2b$12$3YJmKRvvdOO4Nwi//t.zQ.XgX.4hsEPDG4MYQguB/Wa70GHRcbbUS', NULL, NULL),
(117, 'JohnyJohn864', 'Johny', 'John', 'default.png', 1, '49johnjohnyslongfortesting@gmail.com', 1, '$2b$12$VMyzU6rYUlMk2oXG8gPImelFkBYhFOVDoN8Gahb/ACOZzuvrPkG32', NULL, NULL),
(118, 'JohnyJohn315', 'Johny', 'John', 'default.png', 1, '50johnjohnyslongfortesting@gmail.com', 1, '$2b$12$Lc6..ZMAtdS9RmNu4NEP1eyuB6LNBEReqllv0pgWpn03LcopiWPKO', NULL, NULL),
(119, 'JohnyJohn263', 'Johny', 'John', 'default.png', 1, '51johnjohnyslongfortesting@gmail.com', 1, '$2b$12$O3Tx44ifWybK4G4T8BfH9.AV3JMxbLhbN7f1wBt8ikVJ8rsckeuuK', NULL, NULL),
(120, 'JohnyJohn899', 'Johny', 'John', 'default.png', 1, '52johnjohnyslongfortesting@gmail.com', 1, '$2b$12$ShxfGY/lyCQJ5TCO2TcU9uNM2RWx8D3da8iAUhnkKQgOM5RMtRI.K', NULL, NULL),
(121, 'JohnyJohn279', 'Johny', 'John', 'default.png', 1, '53johnjohnyslongfortesting@gmail.com', 1, '$2b$12$loUC3Pm5Ula77FDJdk781eCMPQ.pOp4sacFytL3tSUec0myfMTNpu', NULL, NULL),
(122, 'JohnyJohn260', 'Johny', 'John', 'default.png', 1, '54johnjohnyslongfortesting@gmail.com', 1, '$2b$12$xluwGr8tITYXgW8WVcstQuNMLgj5jaaq4RuuHU.gekflwTQVeDHCK', NULL, NULL),
(123, 'JohnyJohn337', 'Johny', 'John', 'default.png', 1, '55johnjohnyslongfortesting@gmail.com', 1, '$2b$12$gVw3KyvytFyyxSlIMYJyGu.hKta39ITkhNIBUJ.3sZ5Hru1mIrCnq', NULL, NULL),
(124, 'JohnyJohn750', 'Johny', 'John', 'default.png', 1, '56johnjohnyslongfortesting@gmail.com', 1, '$2b$12$jXghT2ySxTqmzDClLSaL8.hLu8uLJM9umr18pFsUyVA5ekE4NguqC', NULL, NULL),
(125, 'JohnyJohn286', 'Johny', 'John', 'default.png', 1, '57johnjohnyslongfortesting@gmail.com', 1, '$2b$12$H9BlJLFte/X65IgySWZX3uxqA97B7iLk45jnq2szDflKauGPf1wgW', NULL, NULL),
(126, 'JohnyJohn532', 'Johny', 'John', 'default.png', 1, '58johnjohnyslongfortesting@gmail.com', 1, '$2b$12$GaLHAtNfZZg7IlRUf/17n./spAxzwC.jcAJDqxw0BgBfgrxn6SPrm', NULL, NULL),
(127, 'JohnyJohn468', 'Johny', 'John', 'default.png', 1, '59johnjohnyslongfortesting@gmail.com', 1, '$2b$12$uYer30.j1RsdrWEa.WSR5utHJgofoo2H0D2kZc9HlASRd8FFh4lKO', NULL, NULL),
(128, 'JohnyJohn128', 'Johny', 'John', 'default.png', 1, '60johnjohnyslongfortesting@gmail.com', 1, '$2b$12$iWM3Ctv9zA6uqXWpWKmVY.kKlCMJplePArhQOOAr.BIpxqX5joax.', NULL, NULL),
(129, 'JohnyJohn716', 'Johny', 'John', 'default.png', 1, '61johnjohnyslongfortesting@gmail.com', 1, '$2b$12$V/h1tO5V.6853coysPL4V..4YlKB.kW8Ne.P3MG0QIHhFHJCnWDGm', NULL, NULL),
(130, 'JohnyJohn300', 'Johny', 'John', 'default.png', 1, '62johnjohnyslongfortesting@gmail.com', 1, '$2b$12$41b9oVeZyZDXQQnyz6YfGuCAMIXtuYdnc2kY/fPeurnUzUgO8i4n2', NULL, NULL),
(131, 'JohnyJohn281', 'Johny', 'John', 'default.png', 1, '63johnjohnyslongfortesting@gmail.com', 1, '$2b$12$xg/3NflIfzS3pOTcsydmQOcGJfj.zljJ3rll9axkQ6LcrtnK1HRxO', NULL, NULL),
(132, 'JohnyJohn874', 'Johny', 'John', 'default.png', 1, '64johnjohnyslongfortesting@gmail.com', 1, '$2b$12$EHOmQuwb7u9yQcyjriEh1OfJlmb5vt6nx0STPfO.kryEFZdv3G1ee', NULL, NULL),
(133, 'JohnyJohn951', 'Johny', 'John', 'default.png', 1, '65johnjohnyslongfortesting@gmail.com', 1, '$2b$12$beCE2EzIxNRLbIx4hZVCauCV22eCuMUQRJG1LsvrL4TWeqBT2/JH6', NULL, NULL),
(134, 'JohnyJohn426', 'Johny', 'John', 'default.png', 1, '66johnjohnyslongfortesting@gmail.com', 1, '$2b$12$Hs6PA8Laez1IvzCj5BiPrexz3aSp3iYJbLUSce3SKQnKoqcHjouum', NULL, NULL),
(135, 'JohnyJohn030', 'Johny', 'John', 'default.png', 1, '67johnjohnyslongfortesting@gmail.com', 1, '$2b$12$T9BaSooT7FX/RgJRjS13gejzLiJFMZPwjNmwe/jMRPZykZT/mkC7G', NULL, NULL),
(136, 'JohnyJohn050', 'Johny', 'John', 'default.png', 1, '68johnjohnyslongfortesting@gmail.com', 1, '$2b$12$TdpNtK14ihgM6sFicbD9/eLMJRjbTQE9Inch8.ivMfxUtPtxn0uOe', NULL, NULL),
(137, 'JohnyJohn053', 'Johny', 'John', 'default.png', 1, '69johnjohnyslongfortesting@gmail.com', 1, '$2b$12$B.K1DLTtmya8LMNf6CFwOOXx/Hp5gqiRFWTeFXJD9XJnFyT5upiRq', NULL, NULL),
(138, 'JohnyJohn056', 'Johny', 'John', 'default.png', 1, '70johnjohnyslongfortesting@gmail.com', 1, '$2b$12$rS4fcKDF6oIj8lozcv6i2..bKd8pxhOKqlf7W/52sYh/oX0MCbRae', NULL, NULL),
(139, 'JohnyJohn946', 'Johny', 'John', 'default.png', 1, '71johnjohnyslongfortesting@gmail.com', 1, '$2b$12$Lk8rpYnfmcMRJW2SV/yUG.6O5LTT8CEDwiFwxSbgsFSEjWCTkY/ky', NULL, NULL),
(140, 'JohnyJohn675', 'Johny', 'John', 'default.png', 1, '72johnjohnyslongfortesting@gmail.com', 1, '$2b$12$MIDEvVoOzkoSkJXMQjLDue9qde6HO78klKsdghGxNKr26LsBCo/Mi', NULL, NULL),
(141, 'JohnyJohn414', 'Johny', 'John', 'default.png', 1, '73johnjohnyslongfortesting@gmail.com', 1, '$2b$12$0Ui6wPefQGo79V3V/yAWUOBZ.XQJVucANiFJwF9S6qST7iAjqgZnC', NULL, NULL),
(142, 'JohnyJohn826', 'Johny', 'John', 'default.png', 1, '74johnjohnyslongfortesting@gmail.com', 1, '$2b$12$yp2wq/id4MOpabLeeJYL4uwqbSliyFNmmNxb.fq97zsaUTEtttYMe', NULL, NULL),
(143, 'JohnyJohn241', 'Johny', 'John', 'default.png', 1, '75johnjohnyslongfortesting@gmail.com', 1, '$2b$12$X6ojoo.ZRCNxiTtcd0CIEeR2pDHzb.la40JoiosOI8HNEO8ByCv2e', NULL, NULL),
(144, 'JohnyJohn607', 'Johny', 'John', 'default.png', 1, '76johnjohnyslongfortesting@gmail.com', 1, '$2b$12$zNhTWpmwVVwAaBFTL19Ele1gVoLlQ8br49GjNqeUf0EvOvYrV0tia', NULL, NULL),
(145, 'JohnyJohn452', 'Johny', 'John', 'default.png', 1, '77johnjohnyslongfortesting@gmail.com', 1, '$2b$12$D337AwRFDs8tYPUPZFNb2uA5bFxyJluEVkK092roWKhf1gYTy/C/W', NULL, NULL),
(146, 'JohnyJohn937', 'Johny', 'John', 'default.png', 1, '78johnjohnyslongfortesting@gmail.com', 1, '$2b$12$FT31oU5oGbhGWi7od8eokuRho7uYfK/DFOIrSHxtXTzNfFR7rwxca', NULL, NULL),
(147, 'JohnyJohn272', 'Johny', 'John', 'default.png', 1, '79johnjohnyslongfortesting@gmail.com', 1, '$2b$12$wFxkwnOuCk4eTVLZxkUN6udGdvqv.B1pNoyjVQKCbPU6Sh9V1pyGq', NULL, NULL),
(148, 'JohnyJohn197', 'Johny', 'John', 'default.png', 1, '80johnjohnyslongfortesting@gmail.com', 1, '$2b$12$pCDABzn1Hhe9DVzW93yrd.zRlSOaKCcD2V9j.9NrYXIPkuhYwrTZG', NULL, NULL),
(149, 'JohnyJohn498', 'Johny', 'John', 'default.png', 1, '81johnjohnyslongfortesting@gmail.com', 1, '$2b$12$xkzlxy9Dh4eE27Js8Jf7E.j24uNNwQiC0vDMtCl.6IIPjGg5S.0Oa', NULL, NULL),
(150, 'JohnyJohn933', 'Johny', 'John', 'default.png', 1, '82johnjohnyslongfortesting@gmail.com', 1, '$2b$12$7nliDRYQEJ6hjrhZGePy2e.Nn248FyRPEdPElbJjSgm80G.d3Zenm', NULL, NULL),
(151, 'JohnyJohn189', 'Johny', 'John', 'default.png', 1, '83johnjohnyslongfortesting@gmail.com', 1, '$2b$12$MW5knK2L20kpZk/.Z/LUM.DQ8yulTA6HBZ6.FjppcP0GnT34ue9d2', NULL, NULL),
(152, 'JohnyJohn585', 'Johny', 'John', 'default.png', 1, '84johnjohnyslongfortesting@gmail.com', 1, '$2b$12$mCWXP85gVZgw.IuGsBdK/OR.KSamfWYFGp8nrhrkUqyUBbiBnbAtm', NULL, NULL),
(153, 'JohnyJohn691', 'Johny', 'John', 'default.png', 1, '85johnjohnyslongfortesting@gmail.com', 1, '$2b$12$nEYNegyYowXn56l2lO0r0O99ArHlfyfnyjTOyHUl8jvQ29Hn/e.Pa', NULL, NULL),
(154, 'JohnyJohn345', 'Johny', 'John', 'default.png', 1, '86johnjohnyslongfortesting@gmail.com', 1, '$2b$12$oL4TSYqmVWP.LkfwvCA1v.Ixnn/u5JNYhNXYLL1hSF46qxoAWjXKu', NULL, NULL),
(155, 'JohnyJohn674', 'Johny', 'John', 'default.png', 1, '87johnjohnyslongfortesting@gmail.com', 1, '$2b$12$OMbIHTj46wz9rqOZYGtibuZZ7jNqrhMEtwXOxGwvOk2uG9MGPh/a2', NULL, NULL),
(156, 'JohnyJohn952', 'Johny', 'John', 'default.png', 1, '88johnjohnyslongfortesting@gmail.com', 1, '$2b$12$EHfZj7JaunseG7O2/nhDw.KO4pCd3EQykSQdsHIsTVFfaJ1D2vJyW', NULL, NULL),
(157, 'JohnyJohn976', 'Johny', 'John', 'default.png', 1, '89johnjohnyslongfortesting@gmail.com', 1, '$2b$12$xNWMMNEg.DFPZjuTGVa9FuqpI6XRwNza4p7z9nXsZ/UElQSsC9vOi', NULL, NULL),
(158, 'JohnyJohn773', 'Johny', 'John', 'default.png', 1, '90johnjohnyslongfortesting@gmail.com', 1, '$2b$12$Qfp3P6zLUA5X6siGXHjFme1WrqhXmhz.eyKU9kO6qw2qYcMOyReX6', NULL, NULL),
(159, 'JohnyJohn973', 'Johny', 'John', 'default.png', 1, '91johnjohnyslongfortesting@gmail.com', 1, '$2b$12$biGCYKaYXC0j.aAdYQRWyujxcIPLu46iXyVECpBG5gWLWQOk9.cYG', NULL, NULL),
(160, 'JohnyJohn637', 'Johny', 'John', 'default.png', 1, '92johnjohnyslongfortesting@gmail.com', 1, '$2b$12$WmzGJ55hawN2QvT3s05hg.CeYqnCNj/fTZqTFHC8BgGg4NT3gPsBG', NULL, NULL),
(161, 'JohnyJohn307', 'Johny', 'John', 'default.png', 1, '93johnjohnyslongfortesting@gmail.com', 1, '$2b$12$iVOVeWzUXHc8tiZgDgyKAun5Mz2tzVJcqwp/IBgipGMY1JJGqzBZK', NULL, NULL),
(162, 'JohnyJohn490', 'Johny', 'John', 'default.png', 1, '94johnjohnyslongfortesting@gmail.com', 1, '$2b$12$vS.r2ZpzR49QbSM5keIAguyW.XuJ9i6ePWyXRdUPWSKnVaeW2kEVm', NULL, NULL),
(163, 'JohnyJohn471', 'Johny', 'John', 'default.png', 1, '95johnjohnyslongfortesting@gmail.com', 1, '$2b$12$hGm8N8o2WaPvTc/ujI0KdOLmKprn1A/tSSARm9bZD1EAjYXZKFWfC', NULL, NULL),
(164, 'JohnyJohn978', 'Johny', 'John', 'default.png', 1, '96johnjohnyslongfortesting@gmail.com', 1, '$2b$12$irlTHg.szfcKc/2i85aj2eUKmnCHBGZmH9eEtIggVDiOT4F1Wci6G', NULL, NULL),
(165, 'JohnyJohn129', 'Johny', 'John', 'default.png', 1, '97johnjohnyslongfortesting@gmail.com', 1, '$2b$12$R/r7aUopk4CWah3DZpUpNui2hdufLMLItJbpOyl5/eOU94ACPDw5u', NULL, NULL),
(166, 'JohnyJohn269', 'Johny', 'John', 'default.png', 1, '98johnjohnyslongfortesting@gmail.com', 1, '$2b$12$hpBjH24Cf/qqS1jH76Z7vO8jjqDrKI7juAf.Go3XO4BP1A.tVjvua', NULL, NULL),
(167, 'JohnyJohn148', 'Johny', 'John', 'default.png', 1, '99johnjohnyslongfortesting@gmail.com', 1, '$2b$12$AWIgZrstAo8/DT2WL2akwuYRBWwNGL4M9hOWJE.S5u9NDUatdNnyy', NULL, NULL),
(168, 'JohnyJohn144', 'Johny', 'John', 'default.png', 1, '100johnjohnyslongfortesting@gmail.com', 1, '$2b$12$SieINuhcnBHHuc.bQ/HKz.4O8wyDBnhv9T4lJ6hv52Hy1.nmzq0/u', NULL, NULL),
(169, 'JohnyJohn139', 'Johny', 'John', 'default.png', 1, '101johnjohnyslongfortesting@gmail.com', 1, '$2b$12$pw2pBg/A.4D81hTPJHQBJuy7TRSYtGK2aqVku3GKh8cQltGe/iY7K', NULL, NULL),
(170, 'JohnyJohn369', 'Johny', 'John', 'default.png', 1, '102johnjohnyslongfortesting@gmail.com', 1, '$2b$12$GsRzBFbag1JxNVmLAhcDreQnyTBvfokystgbNxYrBf8imtWdlz2by', NULL, NULL),
(171, 'JohnyJohn431', 'Johny', 'John', 'default.png', 1, '103johnjohnyslongfortesting@gmail.com', 1, '$2b$12$CEIFFIwRWv5gBkZImwF.teto56MjaKWWWKwoHo94LExwBBSkDEwqK', NULL, NULL),
(172, 'JohnyJohn929', 'Johny', 'John', 'default.png', 1, '104johnjohnyslongfortesting@gmail.com', 1, '$2b$12$9hRokzZSqA1JBULKvDRMkujT4O.1asO.73ajOri7Hy5RL8yxOHlLm', NULL, NULL),
(173, 'JohnyJohn402', 'Johny', 'John', 'default.png', 1, '105johnjohnyslongfortesting@gmail.com', 1, '$2b$12$QmXGVw/YoEQzU/0j9OqzNOGAnlAokywEQyYHxm2jABa6TZOe7t0fO', NULL, NULL),
(174, 'JohnyJohn715', 'Johny', 'John', 'default.png', 1, '106johnjohnyslongfortesting@gmail.com', 1, '$2b$12$cnYzL8sZe/gEiHUrUtt7CuVhk9VL3XSDaKHIeDvOUC13AxQ0UOgBe', NULL, NULL),
(175, 'JohnyJohn704', 'Johny', 'John', 'default.png', 1, '107johnjohnyslongfortesting@gmail.com', 1, '$2b$12$yohwTla0d..ZQldo3I5L/.2/vzXiW1xfA74FSmxmxztCnWWXnTdmS', NULL, NULL),
(176, 'JohnyJohn540', 'Johny', 'John', 'default.png', 1, '108johnjohnyslongfortesting@gmail.com', 1, '$2b$12$w.R268CndFDF5DTT20FmJeNsiQeiOA6kgM/moJr6/xrwInBCnORtm', NULL, NULL),
(177, 'JohnyJohn921', 'Johny', 'John', 'default.png', 1, '109johnjohnyslongfortesting@gmail.com', 1, '$2b$12$gYWRznHP284Gl4QKU1tcyODERw8surN8WWC4fo3BStEnCAS96dC4m', NULL, NULL),
(178, 'JohnyJohn763', 'Johny', 'John', 'default.png', 1, '110johnjohnyslongfortesting@gmail.com', 1, '$2b$12$etl/IWVg0HuXAfgcIEb9ju7ylzmD9YpX0vjpsRpOO.jXR9RVzXyWO', NULL, NULL),
(179, 'JohnyJohn843', 'Johny', 'John', 'default.png', 1, '111johnjohnyslongfortesting@gmail.com', 1, '$2b$12$rwpj0HLReYhKFpgxc2p3VOSvFGHLA.lksKsvodQwkyeTUdi7B61IK', NULL, NULL),
(180, 'JohnyJohn140', 'Johny', 'John', 'default.png', 1, '112johnjohnyslongfortesting@gmail.com', 1, '$2b$12$qqRtv1lLALCt2ymWKbnUT.I8X7p2rcUwm6DzJm7YUZmcpbqJtYjTq', NULL, NULL),
(181, 'JohnyJohn103', 'Johny', 'John', 'default.png', 1, '113johnjohnyslongfortesting@gmail.com', 1, '$2b$12$zHBtP3h32iukak1YOhCXJ.O4lVn7glNCC1o.K824/7xlsyAKlSbua', NULL, NULL),
(182, 'JohnyJohn665', 'Johny', 'John', 'default.png', 1, '114johnjohnyslongfortesting@gmail.com', 1, '$2b$12$dP1RZTDxxtt7HBHcLoM3IeFNW73Kkbv728E2DFtM.17GGU1tX4vfe', NULL, NULL),
(183, 'JohnyJohn733', 'Johny', 'John', 'default.png', 1, '115johnjohnyslongfortesting@gmail.com', 1, '$2b$12$B5yV6jg76yE53Cq32ZDXX./ZSXCyWIcDKlSssnwmCF0CUH/AEJb96', NULL, NULL),
(184, 'JohnyJohn199', 'Johny', 'John', 'default.png', 1, '116johnjohnyslongfortesting@gmail.com', 1, '$2b$12$T7YoZPsSI1SVIRHE7Bfr0ek9R/Q/jm3rvjU5ku1pJwcTbydtcSUAm', NULL, NULL),
(185, 'JohnyJohn652', 'Johny', 'John', 'default.png', 1, '117johnjohnyslongfortesting@gmail.com', 1, '$2b$12$USh85ez/xnS4YRfPrGCVtekmRrwAEdHmRjpycc.ewNyLofb2y4O5K', NULL, NULL),
(186, 'JohnyJohn734', 'Johny', 'John', 'default.png', 1, '118johnjohnyslongfortesting@gmail.com', 1, '$2b$12$7n.5ZCRDStYFef8Ke6FQBONYAmamYPOo75fiP9MsepZhdAXwJG33y', NULL, NULL),
(187, 'JohnyJohn815', 'Johny', 'John', 'default.png', 1, '119johnjohnyslongfortesting@gmail.com', 1, '$2b$12$Zw2NcifGsZtzDUdua7jGu.A0NnZxyzrkJBEiMNnwonRsokT6pqi9a', NULL, NULL),
(188, 'JohnyJohn084', 'Johny', 'John', 'default.png', 1, '120johnjohnyslongfortesting@gmail.com', 1, '$2b$12$pWKz2JjHRvE50Gu8ZbGspOr2/N0B3/fC0pRXugUsrK9xJwy30Njou', NULL, NULL),
(189, 'JohnyJohn821', 'Johny', 'John', 'default.png', 1, '121johnjohnyslongfortesting@gmail.com', 1, '$2b$12$wGUwXQ9QLSgKcHginUYT8O/iU637c46rHjSuJmPH4OPlV.rQZT2lm', NULL, NULL),
(190, 'JohnyJohn470', 'Johny', 'John', 'default.png', 1, '122johnjohnyslongfortesting@gmail.com', 1, '$2b$12$HxqprPvmusrIuyd.UjDjfuNt1SoFphtV6UtvA9312b7uavsYJwgX.', NULL, NULL),
(191, 'JohnyJohn160', 'Johny', 'John', 'default.png', 1, '123johnjohnyslongfortesting@gmail.com', 1, '$2b$12$g8TmSCKohoBEGPGQkBmic.Vm8N6Bs5BbyRYi6zZkQjkcMeok83YXi', NULL, NULL),
(192, 'JohnyJohn693', 'Johny', 'John', 'default.png', 1, '124johnjohnyslongfortesting@gmail.com', 1, '$2b$12$iyo/ReFhaTaWWz.TDrTTHeEnX6KNV.pq2.nattwmTPNZeIzHiqf5O', NULL, NULL),
(193, 'JohnyJohn356', 'Johny', 'John', 'default.png', 1, '125johnjohnyslongfortesting@gmail.com', 1, '$2b$12$61z00gWxuGzKdK0ozeHyf.HVVMd./Rci1WILKsNHNatasr4C34lCC', NULL, NULL),
(194, 'JohnyJohn517', 'Johny', 'John', 'default.png', 1, '126johnjohnyslongfortesting@gmail.com', 1, '$2b$12$AKw.TTw882rmQ6CxXPRwRen83mUbvvkhthEllHfdsf6CSzVNA02OG', NULL, NULL),
(195, 'JohnyJohn219', 'Johny', 'John', 'default.png', 1, '127johnjohnyslongfortesting@gmail.com', 1, '$2b$12$TFkNMgCJMclrHhVKz4mpreP4ilPc0hLLLKJMZm4pvd2AmxejhNNTS', NULL, NULL),
(196, 'JohnyJohn141', 'Johny', 'John', 'default.png', 1, '128johnjohnyslongfortesting@gmail.com', 1, '$2b$12$gt5ta6b1hnyoOpZWygzde.fKr7J.0Q/N8OB9rV8HXWwbjoqiCSnOa', NULL, NULL),
(197, 'JohnyJohn852', 'Johny', 'John', 'default.png', 1, '129johnjohnyslongfortesting@gmail.com', 1, '$2b$12$9Hth.ujr/bW1Uz95E.2JiOM5k79dzYErz3OS3c/B/O7Vfjx8JaYAW', NULL, NULL),
(198, 'JohnyJohn820', 'Johny', 'John', 'default.png', 1, '130johnjohnyslongfortesting@gmail.com', 1, '$2b$12$i0/DsMa52yAhY3SAhlk2F.Gl92WxWuVP5l/Snpbl/azQk5T/6/nji', NULL, NULL),
(199, 'JohnyJohn508', 'Johny', 'John', 'default.png', 1, '131johnjohnyslongfortesting@gmail.com', 1, '$2b$12$JWAR4OvU52w8Mb5F20Ufpe4slD15q1xASQl5drbrN61FnrTfuj98O', NULL, NULL),
(200, 'JohnyJohn717', 'Johny', 'John', 'default.png', 1, '132johnjohnyslongfortesting@gmail.com', 1, '$2b$12$k26sw.5UpHwVWF5/.PGtqu2tA3qTfaoAVUQUheLb8bZQkxW/SC5TO', NULL, NULL),
(201, 'JohnyJohn830', 'Johny', 'John', 'default.png', 1, '133johnjohnyslongfortesting@gmail.com', 1, '$2b$12$3B2.JrgP2S09UvsKgEPIau.eMVosI3VTWDtZczpmDdD/wEXQnBF4S', NULL, NULL),
(202, 'JohnyJohn395', 'Johny', 'John', 'default.png', 1, '134johnjohnyslongfortesting@gmail.com', 1, '$2b$12$QnniHhqQvCPXbRiuxudMruOldreNt6Y.silBAETyz3N3UhgKMOX6O', NULL, NULL),
(203, 'JohnyJohn504', 'Johny', 'John', 'default.png', 1, '135johnjohnyslongfortesting@gmail.com', 1, '$2b$12$jTxl/sPczqPHZx932hJeLOTl8ek4cbjrPzxNImlBzvsMoeHfAJfQ6', NULL, NULL),
(204, 'JohnyJohn240', 'Johny', 'John', 'default.png', 1, '136johnjohnyslongfortesting@gmail.com', 1, '$2b$12$onSv2hv5LRBFbEoxjZ4EfuJAl2lCvIdr25nyOE/5ENFa.9mD.3wiK', NULL, NULL),
(205, 'JohnyJohn463', 'Johny', 'John', 'default.png', 1, '137johnjohnyslongfortesting@gmail.com', 1, '$2b$12$Sa9o0xaXe8wbGwDZFkuCw.6scxs83Aygbm8z8q/Ixfr13.OmsfFF.', NULL, NULL),
(206, 'JohnyJohn501', 'Johny', 'John', 'default.png', 1, '138johnjohnyslongfortesting@gmail.com', 1, '$2b$12$V01L8NwCDwxpIQPWG..Cm.yHqzEM/N5XoahTe639l.xfQK3Av/Xe6', NULL, NULL),
(207, 'JohnyJohn520', 'Johny', 'John', 'default.png', 1, '139johnjohnyslongfortesting@gmail.com', 1, '$2b$12$ssLPfzuo4GZ5QL25oYqPAOBKNNuPNpcTcEvlkitdkXfP.lPZ.K9lS', NULL, NULL),
(208, 'JohnyJohn507', 'Johny', 'John', 'default.png', 1, '140johnjohnyslongfortesting@gmail.com', 1, '$2b$12$d4pbMqeJRstRJn2gUTxEWeAmIw.M8KrWDC7n.Z0xfMGGp2xmRjSTO', NULL, NULL),
(209, 'JohnyJohn393', 'Johny', 'John', 'default.png', 1, '141johnjohnyslongfortesting@gmail.com', 1, '$2b$12$d7M2hP8Y4vHQ.iv8Z/iWY.mRVnbZbnO13fHPYvj19wCUXXts4XlAy', NULL, NULL),
(210, 'JohnyJohn419', 'Johny', 'John', 'default.png', 1, '142johnjohnyslongfortesting@gmail.com', 1, '$2b$12$4p8CGwulcdxtELSGZ1PNne.gBOUn6MXY/uSk5I0e6lfFNbvsQDcyO', NULL, NULL),
(211, 'JohnyJohn070', 'Johny', 'John', 'default.png', 1, '143johnjohnyslongfortesting@gmail.com', 1, '$2b$12$9h2/8b/I.OEh7VZZqubLVeiEJbPA96MY1zie5bormg2kEcttLpIrS', NULL, NULL),
(212, 'JohnyJohn194', 'Johny', 'John', 'default.png', 1, '144johnjohnyslongfortesting@gmail.com', 1, '$2b$12$tPeiSqd/zNryw.UQ6U0NhuSQoBNabXaeCzEQvvKFUpK9IS3Lu3yga', NULL, NULL),
(213, 'JohnyJohn237', 'Johny', 'John', 'default.png', 1, '145johnjohnyslongfortesting@gmail.com', 1, '$2b$12$F.jGrCpkrZT8MS8bcguJfejeseoJT0oNhytclLOQAWFbKfr5Of6JW', NULL, NULL),
(214, 'JohnyJohn200', 'Johny', 'John', 'default.png', 1, '146johnjohnyslongfortesting@gmail.com', 1, '$2b$12$MAdaXRMoIhAKtsTldX4VqOu6LssuZzdDxtntMIx65mAePpjgHR1jS', NULL, NULL),
(215, 'JohnyJohn955', 'Johny', 'John', 'default.png', 1, '147johnjohnyslongfortesting@gmail.com', 1, '$2b$12$tBrWWSSDkivoqs4QJlNY4eoAOgUv1kMD3c.kEPJlN5JB3HFq8SXpK', NULL, NULL),
(216, 'JohnyJohn195', 'Johny', 'John', 'default.png', 1, '148johnjohnyslongfortesting@gmail.com', 1, '$2b$12$OsL34mBcypcV6ktBqQjIEeKDHSyw3UslfNhdyVA2HJXOFG5DXeDK6', NULL, NULL),
(217, 'JohnyJohn515', 'Johny', 'John', 'default.png', 1, '149johnjohnyslongfortesting@gmail.com', 1, '$2b$12$34k4cnLUH80KaVEz7bt8mup/rLaOJObEK7uhgHaRcMDzdXFJw9.5i', NULL, NULL),
(218, 'JohnyJohn299', 'Johny', 'John', 'default.png', 1, '150johnjohnyslongfortesting@gmail.com', 1, '$2b$12$4I/qzMlLmg3WB2VuSqGpz.eI1elJk2L9yVaWmddVyyW2QqDDyxVwy', NULL, NULL),
(219, 'JohnyJohn906', 'Johny', 'John', 'default.png', 1, '151johnjohnyslongfortesting@gmail.com', 1, '$2b$12$cBUCFUaiQIjdtfLbSJRSEuFHi3ucItJ5PfDRCJLOCjZUO/jECXQYq', NULL, NULL),
(220, 'JohnyJohn662', 'Johny', 'John', 'default.png', 1, '152johnjohnyslongfortesting@gmail.com', 1, '$2b$12$tgsPiEkQSr8gs36W2yjVRex4Qo/AOLcsfT6dwebmf6W2nlTriFDWC', NULL, NULL),
(221, 'JohnyJohn231', 'Johny', 'John', 'default.png', 1, '153johnjohnyslongfortesting@gmail.com', 1, '$2b$12$xeF8X5RQGi9JLvXx2aZiV.r4gZBdoO7aX5wv4d/OtqqMISSTrid32', NULL, NULL),
(222, 'JohnyJohn147', 'Johny', 'John', 'default.png', 1, '154johnjohnyslongfortesting@gmail.com', 1, '$2b$12$DvWGeNiOxTIoqSFGCO1L5ehiCAhLaIxB8ho09DaJaOf5iXrzrc2WG', NULL, NULL),
(223, 'JohnyJohn981', 'Johny', 'John', 'default.png', 1, '155johnjohnyslongfortesting@gmail.com', 1, '$2b$12$7vkRahOfNCDjp7xJzfPox.IOsqyiRTFsNFrqKKWsI0UXQ1Prummcy', NULL, NULL),
(224, 'JohnyJohn359', 'Johny', 'John', 'default.png', 1, '156johnjohnyslongfortesting@gmail.com', 1, '$2b$12$SCNK8Nwn0yY73DD28tt6Eue3WbjdDM7j3iKkxAw9gWF1hqmc6qSsa', NULL, NULL),
(225, 'JohnyJohn319', 'Johny', 'John', 'default.png', 1, '157johnjohnyslongfortesting@gmail.com', 1, '$2b$12$k4bndU18Al5y2O6o/eoZC.LGzLQMp8WLK38RAprtKp1WHXdwkB24u', NULL, NULL),
(226, 'JohnyJohn831', 'Johny', 'John', 'default.png', 1, '158johnjohnyslongfortesting@gmail.com', 1, '$2b$12$fHRZrT0BHQFRHTZU318v1uAGdusvA.lE8GZv64R1WyYNZMnrD9TLq', NULL, NULL),
(227, 'JohnyJohn575', 'Johny', 'John', 'default.png', 1, '159johnjohnyslongfortesting@gmail.com', 1, '$2b$12$vNw.i4/yG6xIuqRlRpeG5eMiIbGQJKPXZhzHx7tH15IJkqNN/asNS', NULL, NULL),
(228, 'JohnyJohn381', 'Johny', 'John', 'default.png', 1, '160johnjohnyslongfortesting@gmail.com', 1, '$2b$12$qFgeU6nu7045Cas0fG08kuk0ojj4N/UWbqHMdEA.dftetMMGDjyDu', NULL, NULL),
(229, 'JohnyJohn709', 'Johny', 'John', 'default.png', 1, '161johnjohnyslongfortesting@gmail.com', 1, '$2b$12$u4qBjEb8Huv1UiuPjSRCLOWp34J21I6WyqinGNUOd7JCtdJxBB2aq', NULL, NULL),
(230, 'JohnyJohn247', 'Johny', 'John', 'default.png', 1, '162johnjohnyslongfortesting@gmail.com', 1, '$2b$12$fBUDXqZ5OpRlLmbQKaabgumwRjF24JHBy5XFX8rJZx175UJhCGIiK', NULL, NULL),
(231, 'JohnyJohn265', 'Johny', 'John', 'default.png', 1, '163johnjohnyslongfortesting@gmail.com', 1, '$2b$12$JflkEtLMLHPb982Evqyoj.bEypJCtYHR/E1LYN6KH78wBg9c8vnxm', NULL, NULL),
(232, 'JohnyJohn875', 'Johny', 'John', 'default.png', 1, '164johnjohnyslongfortesting@gmail.com', 1, '$2b$12$f4DaOdKrLWTU8NUKStAS0.Vs2ThHwQjfbUkiHflG1s6GWz0t9HNsm', NULL, NULL),
(233, 'JohnyJohn108', 'Johny', 'John', 'default.png', 1, '165johnjohnyslongfortesting@gmail.com', 1, '$2b$12$UB/ga6Z.CU9XrwGrI9X2/OFkgbzAqTGEpitGe8Yxl.SOstnIskwUS', NULL, NULL),
(234, 'JohnyJohn930', 'Johny', 'John', 'default.png', 1, '166johnjohnyslongfortesting@gmail.com', 1, '$2b$12$w4KPhwQ/p33tNzL0WVidZuvhHj2bfsa3EvtA5qZ5.k.SkzIbnFA92', NULL, NULL),
(235, 'JohnyJohn196', 'Johny', 'John', 'default.png', 1, '167johnjohnyslongfortesting@gmail.com', 1, '$2b$12$0H90281hejmO2sNT0Ym4/egdntvFFFRf4qiRIhWJfbSuGQT7cONSa', NULL, NULL),
(236, 'JohnyJohn995', 'Johny', 'John', 'default.png', 1, '168johnjohnyslongfortesting@gmail.com', 1, '$2b$12$/K2jiHyP/BxCM3ZxibEcUOLJDDE7F1Uuj5YZy77zdAw//Ae/rrmcu', NULL, NULL),
(237, 'JohnyJohn598', 'Johny', 'John', 'default.png', 1, '169johnjohnyslongfortesting@gmail.com', 1, '$2b$12$BER0HlBGrq.oVnbP6L6c1uQHh16uM4760ImIZK66E.bbAqzamlG.6', NULL, NULL),
(238, 'JohnyJohn198', 'Johny', 'John', 'default.png', 1, '170johnjohnyslongfortesting@gmail.com', 1, '$2b$12$1EzLKvjvM82TrxWEvvcocO9IVmphQPCdWyTffzmEJMXGdB08mQe5S', NULL, NULL),
(239, 'JohnyJohn396', 'Johny', 'John', 'default.png', 1, '171johnjohnyslongfortesting@gmail.com', 1, '$2b$12$4LKmJdFJ.SZUejvR196i1Obs9wIBWVtSlhXXJOd3F/afcGFIiJhiC', NULL, NULL),
(240, 'JohnyJohn822', 'Johny', 'John', 'default.png', 1, '172johnjohnyslongfortesting@gmail.com', 1, '$2b$12$drC5EVMV20JTC.tdQZ/5VO8X41lgyqum.H80eXdmoIKjsTCDP9DKu', NULL, NULL),
(241, 'JohnyJohn749', 'Johny', 'John', 'default.png', 1, '173johnjohnyslongfortesting@gmail.com', 1, '$2b$12$RjUhcZtoHQPdG7NSw.MmruOk15f8n.9nlZqTEvxnuZptEUkHkcLie', NULL, NULL),
(242, 'JohnyJohn554', 'Johny', 'John', 'default.png', 1, '174johnjohnyslongfortesting@gmail.com', 1, '$2b$12$FN5ckLjYSJH.G2XQ0DA7D.TQq1td2z5anbRNXK4/02GX3nTrjofRS', NULL, NULL),
(243, 'JohnyJohn017', 'Johny', 'John', 'default.png', 1, '175johnjohnyslongfortesting@gmail.com', 1, '$2b$12$mQ4Q1x2ESt9r8j1OPGP1peY5zizChdWpQ8aa1dKTj5Vmq5v3DLzFq', NULL, NULL),
(244, 'JohnyJohn407', 'Johny', 'John', 'default.png', 1, '176johnjohnyslongfortesting@gmail.com', 1, '$2b$12$bWh4YrQsnEBJQuD4YIX/ieIWGCAJZhj//qrlmeZWH2pKb2.VRQUxm', NULL, NULL),
(245, 'JohnyJohn152', 'Johny', 'John', 'default.png', 1, '177johnjohnyslongfortesting@gmail.com', 1, '$2b$12$2toGUprvRlHEe/T3ViJ1AON9gTBFP6BFvT9.hpxU73/bBPr2aPKea', NULL, NULL),
(246, 'JohnyJohn072', 'Johny', 'John', 'default.png', 1, '178johnjohnyslongfortesting@gmail.com', 1, '$2b$12$5vgak9r1ypny.kIjRAN9JeDLVvFqNb.vpg/NpDzQ2wrJ.Z.V9PMtO', NULL, NULL),
(247, 'JohnyJohn705', 'Johny', 'John', 'default.png', 1, '179johnjohnyslongfortesting@gmail.com', 1, '$2b$12$AguKWF68la2e98eZRfYwquXizNT0C12uB7pgJl5cemg29YGOL8TZq', NULL, NULL),
(248, 'JohnyJohn210', 'Johny', 'John', 'default.png', 1, '180johnjohnyslongfortesting@gmail.com', 1, '$2b$12$inU.yYZ4kUX0F/g51y9GFej5DcSUTkYuHlI9qj.rTO.16Ow6jo1lu', NULL, NULL),
(249, 'JohnyJohn019', 'Johny', 'John', 'default.png', 1, '181johnjohnyslongfortesting@gmail.com', 1, '$2b$12$lOgS7Fq5GRxFtnGTS.sV/.ZjWwz1FEtixAo5GaoTIDtxmQZ3ufIHC', NULL, NULL),
(250, 'JohnyJohn545', 'Johny', 'John', 'default.png', 1, '182johnjohnyslongfortesting@gmail.com', 1, '$2b$12$a2uEgJZTQIXlB1HEHVHHj.gilaQt4K4HUhg9MjOSiflrvLMoFkTDa', NULL, NULL),
(251, 'JohnyJohn645', 'Johny', 'John', 'default.png', 1, '183johnjohnyslongfortesting@gmail.com', 1, '$2b$12$ex5JBe.N3.lFVqulLcw8h..3TdNh.17EtupUpvcV6MmNVsXtPk856', NULL, NULL),
(252, 'JohnyJohn417', 'Johny', 'John', 'default.png', 1, '184johnjohnyslongfortesting@gmail.com', 1, '$2b$12$y/6Kz3VCJxMzcCxGGJwLl.TTGmiBI/bDWtXMNA5A7/GD3ekgRSnry', NULL, NULL),
(253, 'JohnyJohn491', 'Johny', 'John', 'default.png', 1, '185johnjohnyslongfortesting@gmail.com', 1, '$2b$12$mA3/RUnsffx77KbWxgt7k.uUMPWqryszX3.XzmIP84qom9ea52iUC', NULL, NULL),
(254, 'JohnyJohn242', 'Johny', 'John', 'default.png', 1, '186johnjohnyslongfortesting@gmail.com', 1, '$2b$12$SsEsNzQpmZvxJvOk0hzmPOAovLIM0.SnmW9C0AAp2NZoXIee8pY1q', NULL, NULL),
(255, 'JohnyJohn764', 'Johny', 'John', 'default.png', 1, '187johnjohnyslongfortesting@gmail.com', 1, '$2b$12$0jLYxHoxg2Elxn38HX/8NeBjnUyofclsCn71qF6OJ6U4yxUl5CToe', NULL, NULL),
(256, 'JohnyJohn531', 'Johny', 'John', 'default.png', 1, '188johnjohnyslongfortesting@gmail.com', 1, '$2b$12$hBJYKrgdHGH5e0/uKq44ceMM0yQAEoWscsqP5hn6apVGhXaQQ29Ja', NULL, NULL),
(257, 'JohnyJohn218', 'Johny', 'John', 'default.png', 1, '189johnjohnyslongfortesting@gmail.com', 1, '$2b$12$u9zbIGE2JICMhLahzTzfbupdk0zh6i7BFcKGpABiM4xLAQgrSJXYu', NULL, NULL),
(258, 'JohnyJohn718', 'Johny', 'John', 'default.png', 1, '190johnjohnyslongfortesting@gmail.com', 1, '$2b$12$6AF.pe62sdhi3P1SFHhQ/O6rXzKpNt6BTtaAKYpc0oZel0OifQcse', NULL, NULL),
(259, 'JohnyJohn025', 'Johny', 'John', 'default.png', 1, '191johnjohnyslongfortesting@gmail.com', 1, '$2b$12$GkOvoa6EQMZlwhiOw/OP6e7kWal8uvRaqqJwM.Z08W3XF0DvvrlE.', NULL, NULL),
(260, 'JohnyJohn819', 'Johny', 'John', 'default.png', 1, '192johnjohnyslongfortesting@gmail.com', 1, '$2b$12$8Ig5pR7S3B9Jf9Mm.wEYY.s.ffiE6dLMMBgZ66eDK9PkQpxDaKZV6', NULL, NULL),
(261, 'JohnyJohn884', 'Johny', 'John', 'default.png', 1, '193johnjohnyslongfortesting@gmail.com', 1, '$2b$12$abZGhLLSHBnehIvelLxpO.78NDHvxsKolkevRCYGRpK6O5ip7JNZO', NULL, NULL),
(262, 'JohnyJohn533', 'Johny', 'John', 'default.png', 1, '194johnjohnyslongfortesting@gmail.com', 1, '$2b$12$cTyj4tInmVfLGWPaIEBIbOvonAoMHFa/MmuYcvjGslAy9V8wYPa8W', NULL, NULL),
(263, 'JohnyJohn696', 'Johny', 'John', 'default.png', 1, '195johnjohnyslongfortesting@gmail.com', 1, '$2b$12$6S8eKAIyjhnv4uVL0NaNw.ehpEgevPD8POPMfzX7EJrP2lwoiTAFW', NULL, NULL),
(264, 'JohnyJohn184', 'Johny', 'John', 'default.png', 1, '196johnjohnyslongfortesting@gmail.com', 1, '$2b$12$RRQoF8B7aBoXiozaTz/GKekgLj.tVRg3/ty1y1YCJlPDbOYnwsEZC', NULL, NULL),
(265, 'JohnyJohn024', 'Johny', 'John', 'default.png', 1, '197johnjohnyslongfortesting@gmail.com', 1, '$2b$12$GOs.Wpn3MLIHzz17yoS9iOzcuKGO.EcjLg0ZcMPsJW//v338.90J.', NULL, NULL),
(266, 'JohnyJohn163', 'Johny', 'John', 'default.png', 1, '198johnjohnyslongfortesting@gmail.com', 1, '$2b$12$RI2Ro0KjZuNaloPL.J446ukECTJDR7LtH5jDtYy356nC4jV4ax1A6', NULL, NULL),
(267, 'JohnyJohn382', 'Johny', 'John', 'default.png', 1, '199johnjohnyslongfortesting@gmail.com', 1, '$2b$12$MtZcLKgmZM0VTV6O.aDt8uzxl4outA.zOxI.2RDIY72m0tCIVbnV6', NULL, NULL),
(268, 'JohnyJohn488', 'Johny', 'John', 'default.png', 1, '200johnjohnyslongfortesting@gmail.com', 1, '$2b$12$RWjEOdl7BKCBu6xmpeAcrO.SF/crYQgFHc8hGLd/qofz/d8tYyPTe', NULL, NULL),
(269, 'JohnyJohn123', 'Johny', 'John', 'default.png', 1, '201johnjohnyslongfortesting@gmail.com', 1, '$2b$12$rUPBG.ky0vCwECMwmrW6CuqagKB6lfwvwe3S9JnFQWKhXBl1jGfk.', NULL, NULL),
(270, 'JohnyJohn370', 'Johny', 'John', 'default.png', 1, '202johnjohnyslongfortesting@gmail.com', 1, '$2b$12$Fkn2ANgNc11kJIE8lI0gxe2v8Zhz9Ha0q9BA/BsERXujMT9BmSE/a', NULL, NULL),
(271, 'JohnyJohn980', 'Johny', 'John', 'default.png', 1, '203johnjohnyslongfortesting@gmail.com', 1, '$2b$12$461uTAVQOarivQkJDcguYOdEEp1OPAZpNxrk8Je8uFmEiVJRH.YLS', NULL, NULL),
(272, 'JohnyJohn270', 'Johny', 'John', 'default.png', 1, '204johnjohnyslongfortesting@gmail.com', 1, '$2b$12$sZtpx7dg8YsBJ.nfD7Ty7.V84/9xDHjugIrt04AyP3YDC0fuFQsJK', NULL, NULL),
(273, 'JohnyJohn142', 'Johny', 'John', 'default.png', 1, '205johnjohnyslongfortesting@gmail.com', 1, '$2b$12$419Ss5MNdObYgMKr0ejaAO4Nm0uTm88zW9PEgmXm4UxhavrBtixU2', NULL, NULL),
(274, 'JohnyJohn284', 'Johny', 'John', 'default.png', 1, '206johnjohnyslongfortesting@gmail.com', 1, '$2b$12$epMRpk.SzTYD28VD9Keb..QBhRhAktvelaIhDKTcrSye3as9C1PJm', NULL, NULL),
(275, 'JohnyJohn075', 'Johny', 'John', 'default.png', 1, '207johnjohnyslongfortesting@gmail.com', 1, '$2b$12$gmH8kZ1EPxh./cDMFOaNU.Bv6b1nxMmJJQo3XUIk5Urad4OikmqKm', NULL, NULL),
(276, 'JohnyJohn115', 'Johny', 'John', 'default.png', 1, '208johnjohnyslongfortesting@gmail.com', 1, '$2b$12$aARuS5E/NOI89y47RTIK..HW0GfiqbIXH6MPq.JeCaH3Vq9hRWstm', NULL, NULL),
(277, 'JohnyJohn333', 'Johny', 'John', 'default.png', 1, '209johnjohnyslongfortesting@gmail.com', 1, '$2b$12$TSfIQ8uOf7BLvMkU.LePP.yyq4gEHVYv4R0ehOFIxgc/fIg82qGVy', NULL, NULL),
(278, 'JohnyJohn492', 'Johny', 'John', 'default.png', 1, '210johnjohnyslongfortesting@gmail.com', 1, '$2b$12$e.7xOxaBRf2mK5lZGueEqeIjrw9vRAq433UsoqBflDK03t86RnR2q', NULL, NULL),
(279, 'JohnyJohn330', 'Johny', 'John', 'default.png', 1, '211johnjohnyslongfortesting@gmail.com', 1, '$2b$12$1XRAGZWt6uFmNNMcYFnFReqiNYuot.IPs.o6oUe8r/15RUJOXpU1i', NULL, NULL),
(280, 'JohnyJohn038', 'Johny', 'John', 'default.png', 1, '212johnjohnyslongfortesting@gmail.com', 1, '$2b$12$CKkDIkqmH7TIS45yHJWmaeBh.zyfYoW0PdEFxPmViVkcgf9ZlMCQC', NULL, NULL),
(281, 'JohnyJohn934', 'Johny', 'John', 'default.png', 1, '213johnjohnyslongfortesting@gmail.com', 1, '$2b$12$8IBbrLncJXaVJOeuVYnfsuwF2VISd0ixRAGiwcxdRQ44.i219S/nW', NULL, NULL),
(282, 'JohnyJohn060', 'Johny', 'John', 'default.png', 1, '214johnjohnyslongfortesting@gmail.com', 1, '$2b$12$QgxSiF6Y73Ym3PqBUmraxe1j0A6B9mKXUpxhQcJj33/uQTTPCsr9C', NULL, NULL),
(283, 'JohnyJohn011', 'Johny', 'John', 'default.png', 1, '215johnjohnyslongfortesting@gmail.com', 1, '$2b$12$rHXWVhUpfaF9JOv21mG.Q.gXe6EpZizrRv7olfsqTVBrQ4sKrpove', NULL, NULL),
(284, 'JohnyJohn357', 'Johny', 'John', 'default.png', 1, '216johnjohnyslongfortesting@gmail.com', 1, '$2b$12$hKHgZqyiP..hfU6ICVpS7ODrPlAAiMmXGjRjK0PbRBEhpIG1D.14O', NULL, NULL),
(285, 'JohnyJohn143', 'Johny', 'John', 'default.png', 1, '217johnjohnyslongfortesting@gmail.com', 1, '$2b$12$M7BuuESdK/NDPIG7dNuGzO7qguHP8gQ8aHWUkY9hTQz5v6qO3hYlm', NULL, NULL),
(286, 'JohnyJohn421', 'Johny', 'John', 'default.png', 1, '218johnjohnyslongfortesting@gmail.com', 1, '$2b$12$rLp43.KycIegpkhhhtG1MeBIMvH/FzP/LNUNNEjm/NtQeyJpkOAdm', NULL, NULL),
(287, 'JohnyJohn131', 'Johny', 'John', 'default.png', 1, '219johnjohnyslongfortesting@gmail.com', 1, '$2b$12$ONcQlBx3u7i.SZ.rhCam5OrAWaa/3gQpkYC7SzRqpRO5Xk8VaxR2y', NULL, NULL),
(288, 'JohnyJohn574', 'Johny', 'John', 'default.png', 1, '220johnjohnyslongfortesting@gmail.com', 1, '$2b$12$yQmqzwD6YgNV/qySiPqF5.F9nKNsD2L6B7TBYl6/8O4tE8a8lPH0e', NULL, NULL),
(289, 'JohnyJohn063', 'Johny', 'John', 'default.png', 1, '221johnjohnyslongfortesting@gmail.com', 1, '$2b$12$WM.4UpFxrbAEXABCuZXWmeFHpdrSQBcv2JrGQGUz0FjC1Mhy6LPKa', NULL, NULL),
(290, 'JohnyJohn681', 'Johny', 'John', 'default.png', 1, '222johnjohnyslongfortesting@gmail.com', 1, '$2b$12$9C2nma4WKiX7pqTlsXBJAe4jauLWSOoJUbDx/yKlokfVTsyRv8nhG', NULL, NULL),
(291, 'JohnyJohn253', 'Johny', 'John', 'default.png', 1, '223johnjohnyslongfortesting@gmail.com', 1, '$2b$12$rvOzLfjLtJZweK9a1AIjv.U30phKtcHlcEAxegRTPmXb17oxYQJQ6', NULL, NULL),
(292, 'JohnyJohn683', 'Johny', 'John', 'default.png', 1, '224johnjohnyslongfortesting@gmail.com', 1, '$2b$12$H1qzI7eZncuc0G7AaehqreeYFu5BGtHi3L.va8n7iFhfMgPNsdQ6y', NULL, NULL),
(293, 'JohnyJohn800', 'Johny', 'John', 'default.png', 1, '225johnjohnyslongfortesting@gmail.com', 1, '$2b$12$FNmlChMqkK6.coXKmmmkeO12R/HrZ7/I9JNp9I4DB87ODzTyA3cN6', NULL, NULL),
(294, 'JohnyJohn352', 'Johny', 'John', 'default.png', 1, '226johnjohnyslongfortesting@gmail.com', 1, '$2b$12$/s6AjStyt6.JJGqGcl7UOONwJ17FAvrezp8Bcf.pa5Px2Nx/m4kj.', NULL, NULL),
(295, 'JohnyJohn928', 'Johny', 'John', 'default.png', 1, '227johnjohnyslongfortesting@gmail.com', 1, '$2b$12$i5e2fUN4L4vpqk9k2dW/uOI6qv.dIig3/TdaxoSVQxMf9TZLm4gQm', NULL, NULL),
(296, 'JohnyJohn380', 'Johny', 'John', 'default.png', 1, '228johnjohnyslongfortesting@gmail.com', 1, '$2b$12$FdB7/ZUNI6zBCtCRwVei7OUicckjIbun7s0MyVGIID1EPQTRjt.ze', NULL, NULL),
(297, 'JohnyJohn133', 'Johny', 'John', 'default.png', 1, '229johnjohnyslongfortesting@gmail.com', 1, '$2b$12$.QMXIUFyJusRlRrWMlUoe.K8jYVPs5oIMmPZVOmG2XvtsR4Q.GEj6', NULL, NULL),
(298, 'JohnyJohn304', 'Johny', 'John', 'default.png', 1, '230johnjohnyslongfortesting@gmail.com', 1, '$2b$12$1DSSh.NwVq1t7DNxZLKwi.8UNzNZY9TN8tayfga3R6T0qHnWDQJRq', NULL, NULL),
(299, 'JohnyJohn711', 'Johny', 'John', 'default.png', 1, '231johnjohnyslongfortesting@gmail.com', 1, '$2b$12$FVklfw4FxVut/M/5ceVxO.gnJFVQ5PV8Y/U/cRH3Q7t42CkWIBahK', NULL, NULL),
(300, 'JohnyJohn081', 'Johny', 'John', 'default.png', 1, '232johnjohnyslongfortesting@gmail.com', 1, '$2b$12$bUgDMaxGww4jc9WD5OrhsOlrpkbKy/FLquNaam90AvXrVCzh7KXZi', NULL, NULL),
(301, 'JohnyJohn432', 'Johny', 'John', 'default.png', 1, '233johnjohnyslongfortesting@gmail.com', 1, '$2b$12$mbokfMqlj4R97orKewz8gOwdPrXyMWl/aOdzc1Zx/093pu0MF5qzC', NULL, NULL);
INSERT INTO `users` (`user_id`, `username`, `first_name`, `last_name`, `picture`, `avatar_id`, `email`, `school_id`, `ssb`, `last_login`, `role`) VALUES
(302, 'JohnyJohn423', 'Johny', 'John', 'default.png', 1, '234johnjohnyslongfortesting@gmail.com', 1, '$2b$12$lMH0Avi6fNCmrJnNtuanfeFrDy9ISNK3LFxgRMmAZUoUpMVSKFvN.', NULL, NULL),
(303, 'JohnyJohn061', 'Johny', 'John', 'default.png', 1, '235johnjohnyslongfortesting@gmail.com', 1, '$2b$12$uwWIOM6fPdCQZKg9WXBf7e5zOoJf4gR.aJFzKsk9lkRHvfwOaauw2', NULL, NULL),
(304, 'JohnyJohn312', 'Johny', 'John', 'default.png', 1, '236johnjohnyslongfortesting@gmail.com', 1, '$2b$12$J9FwlWXG2c1Qyh8B0jSNfenmfd0RB8GJKLoKC/fOe22vqnM7oiehu', NULL, NULL),
(305, 'JohnyJohn798', 'Johny', 'John', 'default.png', 1, '237johnjohnyslongfortesting@gmail.com', 1, '$2b$12$S.7hISfCyROz8L0/5cCaI.PVmWGjcQXWpQDrT/ZoIlEwv22rI4mTm', NULL, NULL),
(306, 'JohnyJohn415', 'Johny', 'John', 'default.png', 1, '238johnjohnyslongfortesting@gmail.com', 1, '$2b$12$0HkKdAaBgPBJrECDpUiFRO7X2aji8JKriUHWTd/revOTMmB8fbjS6', NULL, NULL),
(307, 'JohnyJohn448', 'Johny', 'John', 'default.png', 1, '239johnjohnyslongfortesting@gmail.com', 1, '$2b$12$ohwLWdH4FxpBNCIrJ7gdguynIlxWk7OV.SXz7pc01wMrxHTK69Vz6', NULL, NULL),
(308, 'JohnyJohn182', 'Johny', 'John', 'default.png', 1, '240johnjohnyslongfortesting@gmail.com', 1, '$2b$12$Hluv9CwGVDS4g0lrQL13VeBfVhnC4jDxhO7QzzhAPSow6trMsyYY6', NULL, NULL),
(309, 'JohnyJohn581', 'Johny', 'John', 'default.png', 1, '241johnjohnyslongfortesting@gmail.com', 1, '$2b$12$PaYlyPuA0oahxA.jVPaYbO6xmVKM8MdmrChb1r5Kc2PnwBzYCDmYa', NULL, NULL),
(310, 'JohnyJohn751', 'Johny', 'John', 'default.png', 1, '242johnjohnyslongfortesting@gmail.com', 1, '$2b$12$cSqkKuRPrnwfG9pjizE7HeEgtebsA7saJkMSo0nyvsurayTPHM0fC', NULL, NULL),
(311, 'JohnyJohn031', 'Johny', 'John', 'default.png', 1, '243johnjohnyslongfortesting@gmail.com', 1, '$2b$12$0klsFds/PdhcsVvMm1Dl8.IMl1K9VOyuwokJXv.IhHuoKM2liYYfu', NULL, NULL),
(312, 'JohnyJohn135', 'Johny', 'John', 'default.png', 1, '244johnjohnyslongfortesting@gmail.com', 1, '$2b$12$mTXF6xjeGMe1wWGa1zcoF.B5k1nKilXA3vyU8ZphV/y9BwLdnrAYW', NULL, NULL),
(313, 'JohnyJohn621', 'Johny', 'John', 'default.png', 1, '245johnjohnyslongfortesting@gmail.com', 1, '$2b$12$xz0ZFRd3akvzRhncqnU3y.UKNBTXJoXT9uYMR6qnmE.rI6Qd7/kI.', NULL, NULL),
(314, 'JohnyJohn243', 'Johny', 'John', 'default.png', 1, '246johnjohnyslongfortesting@gmail.com', 1, '$2b$12$HW9zrIiWhpWP4VEXqkFY9ufiJUkrPPGP7GKgk3w/Fya3ciG7WRkZC', NULL, NULL),
(315, 'JohnyJohn397', 'Johny', 'John', 'default.png', 1, '247johnjohnyslongfortesting@gmail.com', 1, '$2b$12$FCIE3.c4tQxdUBuhDTJlZeFS0/UNObNgGb1G4PTYMLfgaYU8d3JMK', NULL, NULL),
(316, 'JohnyJohn351', 'Johny', 'John', 'default.png', 1, '248johnjohnyslongfortesting@gmail.com', 1, '$2b$12$/tDqOwum8QSa8ERid.ABmuPeKmqblf9kPPtPXQJ1xCXayABLqh.OG', NULL, NULL),
(317, 'JohnyJohn802', 'Johny', 'John', 'default.png', 1, '249johnjohnyslongfortesting@gmail.com', 1, '$2b$12$kj8gdMBwwblxkVQOlYt6nuZtBkMvHj30.IZt2buZOr1vVqH.fOHb2', NULL, NULL),
(318, 'JohnyJohn887', 'Johny', 'John', 'default.png', 1, '250johnjohnyslongfortesting@gmail.com', 1, '$2b$12$mts9j.XIh8hlO8vbOPLSleygpTu9J0O9vlQgqNfGLiPVkg3Gu2OVi', NULL, NULL),
(319, 'JohnyJohn308', 'Johny', 'John', 'default.png', 1, '251johnjohnyslongfortesting@gmail.com', 1, '$2b$12$hzXVygu4UYr/uQDOE56KXOXTIPs.6LfZRPgcKPRPmp4mBpi6OjH82', NULL, NULL),
(320, 'JohnyJohn970', 'Johny', 'John', 'default.png', 1, '252johnjohnyslongfortesting@gmail.com', 1, '$2b$12$mkpODexaID58hsapbUG7Lu80LFn/tqPbVBq5aNQe7J5yni21F4Yqe', NULL, NULL),
(321, 'JohnyJohn254', 'Johny', 'John', 'default.png', 1, '253johnjohnyslongfortesting@gmail.com', 1, '$2b$12$9lJNm9XTiUHQnLwABvQYXewUBtqspaFLGKHW1Mb9OH2ay9x7p.CJq', NULL, NULL),
(322, 'JohnyJohn082', 'Johny', 'John', 'default.png', 1, '254johnjohnyslongfortesting@gmail.com', 1, '$2b$12$k6CpBfs4SUBALTWHpP5yReEu2I5TySbFDkFZ21ZAnrwZIlvVZqSmW', NULL, NULL),
(323, 'JohnyJohn719', 'Johny', 'John', 'default.png', 1, '255johnjohnyslongfortesting@gmail.com', 1, '$2b$12$xh5FDQd/0ESH3dFifufqWuqZW1cylWwDJLzIuhTjnp.yHGgKDGRvC', NULL, NULL),
(324, 'JohnyJohn792', 'Johny', 'John', 'default.png', 1, '256johnjohnyslongfortesting@gmail.com', 1, '$2b$12$jFSHaWtFhpAcDZIe/K9KguV0JMpRKClUH5fFzdVqUgdWsXJ4BhADu', NULL, NULL),
(325, 'JohnyJohn358', 'Johny', 'John', 'default.png', 1, '257johnjohnyslongfortesting@gmail.com', 1, '$2b$12$zBoofBUzJAkM5gzImX/NFOccy/TPifUyFhHC9CCEEtw.UxJUEe7Ui', NULL, NULL),
(326, 'JohnyJohn861', 'Johny', 'John', 'default.png', 1, '258johnjohnyslongfortesting@gmail.com', 1, '$2b$12$WWQeOiVIjBfANk.COuHOwu.wPk4aARoVLELUvxCzTRDBMFa8wSjNG', NULL, NULL),
(327, 'JohnyJohn353', 'Johny', 'John', 'default.png', 1, '259johnjohnyslongfortesting@gmail.com', 1, '$2b$12$laIiBJ1v/3viPJfT7cnRhOeT8VSUaEMWetE03M0Px6oT9anKmsp.u', NULL, NULL),
(328, 'JohnyJohn403', 'Johny', 'John', 'default.png', 1, '260johnjohnyslongfortesting@gmail.com', 1, '$2b$12$raFSndrlMXcttFD.4zRUNOHIPakgnkmJhiRCXmRBvftMArZrYx9d6', NULL, NULL),
(329, 'JohnyJohn632', 'Johny', 'John', 'default.png', 1, '261johnjohnyslongfortesting@gmail.com', 1, '$2b$12$XngK8ujlz/T3zN7Xt2ckFuBrqgOfIqoKx5zgXAzdD8D8ftTfwh9O.', NULL, NULL),
(330, 'JohnyJohn991', 'Johny', 'John', 'default.png', 1, '262johnjohnyslongfortesting@gmail.com', 1, '$2b$12$1Oe2N.RJv5wH7Od78Oqy/OQxIu7rsrbXC.X/BwnYZo9WpPdaCZ4g.', NULL, NULL),
(331, 'JohnyJohn634', 'Johny', 'John', 'default.png', 1, '263johnjohnyslongfortesting@gmail.com', 1, '$2b$12$oRkRF/OO5UKmwwg7uw6eLe.2LZGDWJCZVzOR/TWku79bUnLKL29wS', NULL, NULL),
(332, 'JohnyJohn391', 'Johny', 'John', 'default.png', 1, '264johnjohnyslongfortesting@gmail.com', 1, '$2b$12$0wQqEmm/TkRFmtkW5f4kR.reXmePhwKN2P1YYRbcdKw6DE4krFic2', NULL, NULL),
(333, 'JohnyJohn365', 'Johny', 'John', 'default.png', 1, '265johnjohnyslongfortesting@gmail.com', 1, '$2b$12$FbRhUfiabMYnwnBfYRGcietJ2/Yw5xooJfqlA1Bm2.P/P.Dm2hWIm', NULL, NULL),
(334, 'JohnyJohn187', 'Johny', 'John', 'default.png', 1, '266johnjohnyslongfortesting@gmail.com', 1, '$2b$12$6S0ml0LETq56xvNglp/VWOry2SBPCQv3fEsImIzm4nHzkvHAGyfM2', NULL, NULL),
(335, 'JohnyJohn699', 'Johny', 'John', 'default.png', 1, '267johnjohnyslongfortesting@gmail.com', 1, '$2b$12$vAksY/Q1.nt32oeOTgSdz.gj8p2KDs2lO.P3RB2RxKVg3CLPKwsIa', NULL, NULL),
(336, 'JohnyJohn752', 'Johny', 'John', 'default.png', 1, '268johnjohnyslongfortesting@gmail.com', 1, '$2b$12$Z4zJxu8dbSCjxZHAdTOsxO7eSuR0M1ZMUc9lCazrD5V9h1hN9aFP.', NULL, NULL),
(337, 'JohnyJohn832', 'Johny', 'John', 'default.png', 1, '269johnjohnyslongfortesting@gmail.com', 1, '$2b$12$MIXBVNM7wXKi76ngRDLopO20NII2gWUJaafQ.uoDzDF2bBMPQkI0u', NULL, NULL),
(338, 'JohnyJohn894', 'Johny', 'John', 'default.png', 1, '270johnjohnyslongfortesting@gmail.com', 1, '$2b$12$xXSrSG4afu6sveGWb1eANeno21/5hcugvQf.guhh/MOVDljY9zgwe', NULL, NULL),
(339, 'JohnyJohn756', 'Johny', 'John', 'default.png', 1, '271johnjohnyslongfortesting@gmail.com', 1, '$2b$12$oXLVYcm/TmoQW8kKCNROCuJI6IUYGjV1f621q3PDVF3van.MNGtDW', NULL, NULL),
(340, 'JohnyJohn149', 'Johny', 'John', 'default.png', 1, '272johnjohnyslongfortesting@gmail.com', 1, '$2b$12$NgEXfU81Qut5lvk7INkjGuMSxMXg6MReqRr0U/lIRrpMLYKZUokUe', NULL, NULL),
(341, 'JohnyJohn534', 'Johny', 'John', 'default.png', 1, '273johnjohnyslongfortesting@gmail.com', 1, '$2b$12$h/MPYJsEdIVIiR9zfvLPBuaNFMSCTZV7KmaVEd2833X7Fcl2d8EGu', NULL, NULL),
(342, 'JohnyJohn159', 'Johny', 'John', 'default.png', 1, '274johnjohnyslongfortesting@gmail.com', 1, '$2b$12$5WWfOGS2mPxVU4cVT4jjne6a27oARa3KgJAE5S7FUyTjF2Sf/pxeO', NULL, NULL),
(343, 'JohnyJohn987', 'Johny', 'John', 'default.png', 1, '275johnjohnyslongfortesting@gmail.com', 1, '$2b$12$zGvNkCxfCyC5VRyCrornquINbxlmayBFdhi3j6hPoK4H.q9TAokbW', NULL, NULL),
(344, 'JohnyJohn090', 'Johny', 'John', 'default.png', 1, '276johnjohnyslongfortesting@gmail.com', 1, '$2b$12$dSy0x7DPxSY97l5WwFYl.uH9TvSD4ziYTVa3Mlt8.AAyYI4jyF.Im', NULL, NULL),
(345, 'JohnyJohn742', 'Johny', 'John', 'default.png', 1, '277johnjohnyslongfortesting@gmail.com', 1, '$2b$12$e/eAiQJnnlsjKdEvCNDSMubwVVjWXuEu9HchCBTf2iZRPQPaPK5K6', NULL, NULL),
(346, 'JohnyJohn765', 'Johny', 'John', 'default.png', 1, '278johnjohnyslongfortesting@gmail.com', 1, '$2b$12$UzmDpRefqC5LoH9/jPPQ6eNWAymOuaTm88NyR/hTVypL.mROgtMAa', NULL, NULL),
(347, 'JohnyJohn127', 'Johny', 'John', 'default.png', 1, '279johnjohnyslongfortesting@gmail.com', 1, '$2b$12$Cg1d4cQC8/075LABmzwNoOsKqZJng5UItGHjEho/i58M59MvZIsky', NULL, NULL),
(348, 'JohnyJohn354', 'Johny', 'John', 'default.png', 1, '280johnjohnyslongfortesting@gmail.com', 1, '$2b$12$Iu9b10vRTXQGrrUGasV1OuZXAbJ9DsppZs2ts9vVygfZJN8zF1Tmm', NULL, NULL),
(349, 'JohnyJohn449', 'Johny', 'John', 'default.png', 1, '281johnjohnyslongfortesting@gmail.com', 1, '$2b$12$FvXpiCyfnm75QyoFAVyKq.y4Y2x9skoRQWL6jw7J4ta.c4xPTQWW6', NULL, NULL),
(350, 'JohnyJohn500', 'Johny', 'John', 'default.png', 1, '282johnjohnyslongfortesting@gmail.com', 1, '$2b$12$Zz9KmPyNelEqC9l5yyk3Tui43cuJcnMWJDN.qq1/gi3eVwF6oVszi', NULL, NULL),
(351, 'JohnyJohn457', 'Johny', 'John', 'default.png', 1, '283johnjohnyslongfortesting@gmail.com', 1, '$2b$12$YjqauaUlPa9iMKM3.zqFI.6He2XTw5YvK9TZo69nSm/21MpruYz3a', NULL, NULL),
(352, 'JohnyJohn564', 'Johny', 'John', 'default.png', 1, '284johnjohnyslongfortesting@gmail.com', 1, '$2b$12$Ywaxwy5jV4/gFm9q8MMXY.oLkg.JByJBFwNHKc/InkBteM9WAKXq.', NULL, NULL),
(353, 'JohnyJohn672', 'Johny', 'John', 'default.png', 1, '285johnjohnyslongfortesting@gmail.com', 1, '$2b$12$7J1n06t7aPIeIhqqsFil8.0rjNnAZXz.Lp85XIDLM.R.NzHdpXYsq', NULL, NULL),
(354, 'JohnyJohn992', 'Johny', 'John', 'default.png', 1, '286johnjohnyslongfortesting@gmail.com', 1, '$2b$12$3UKAiAa61m/.Q2lTOYFcsuS05cYVRES6ABJV.gL5DFZtZHWpu/99a', NULL, NULL),
(355, 'JohnyJohn623', 'Johny', 'John', 'default.png', 1, '287johnjohnyslongfortesting@gmail.com', 1, '$2b$12$sgRrXFxf0eWNdPgrVVL0zeD56C3A.0S5EH9RnM13LRF7p.vsldVzK', NULL, NULL),
(356, 'JohnyJohn503', 'Johny', 'John', 'default.png', 1, '288johnjohnyslongfortesting@gmail.com', 1, '$2b$12$uXIC6qYyULxhHlVhCLKqW.3Wrpkdmj7uvzZ5lhUKLL6.ZoCKitk/a', NULL, NULL),
(357, 'JohnyJohn949', 'Johny', 'John', 'default.png', 1, '289johnjohnyslongfortesting@gmail.com', 1, '$2b$12$l/bG4uLNe2nBZwTIwOAbPutm4k3cbWdDLogssNJ0B1xeMAyW/MW5a', NULL, NULL),
(358, 'JohnyJohn692', 'Johny', 'John', 'default.png', 1, '290johnjohnyslongfortesting@gmail.com', 1, '$2b$12$UuJ5A0osSuxn57sY/lwDkukJOENC8hudNG7x10BVIhW.95gXc6Dku', NULL, NULL),
(359, 'JohnyJohn220', 'Johny', 'John', 'default.png', 1, '291johnjohnyslongfortesting@gmail.com', 1, '$2b$12$UOuFo6QX7OwWNrxarinwSODP8e8X1VEx5x412l7F/fVSIuQH5FK4S', NULL, NULL),
(360, 'JohnyJohn959', 'Johny', 'John', 'default.png', 1, '292johnjohnyslongfortesting@gmail.com', 1, '$2b$12$FhlilY6bqFoVJ2wGj8v37OAbmHLJuvgCPm5BhPkBqmwhaz6zp6jh.', NULL, NULL),
(361, 'JohnyJohn673', 'Johny', 'John', 'default.png', 1, '293johnjohnyslongfortesting@gmail.com', 1, '$2b$12$NMhOkC9OEGCg0O7INg7Rxun8UopmUuYxCkEFlCrMKxNDc1L9WNlBW', NULL, NULL),
(362, 'JohnyJohn791', 'Johny', 'John', 'default.png', 1, '294johnjohnyslongfortesting@gmail.com', 1, '$2b$12$WSlyULm4Cy3wOP9hVwiz7uqBLCtgpJaUnyAtNeqsas0O6rnxvhHDC', NULL, NULL),
(363, 'JohnyJohn658', 'Johny', 'John', 'default.png', 1, '295johnjohnyslongfortesting@gmail.com', 1, '$2b$12$jbpiSW56AVrb7qKv.Sv3l.ZUM1gN6WERhPnhXk6QToxQNq3oAPNn.', NULL, NULL),
(364, 'JohnyJohn833', 'Johny', 'John', 'default.png', 1, '296johnjohnyslongfortesting@gmail.com', 1, '$2b$12$KfQ9X3eiLnJ8CrOiqvavp.C7NVb0O7aYgOoovfy5yT1LexnJ0uGpW', NULL, NULL),
(365, 'JohnyJohn401', 'Johny', 'John', 'default.png', 1, '297johnjohnyslongfortesting@gmail.com', 1, '$2b$12$HMpkvEAWJk6grmm9l6.JjOfTsFJJfr2zSZaOMs6O9LqPTQO/MOdRS', NULL, NULL),
(366, 'JohnyJohn748', 'Johny', 'John', 'default.png', 1, '298johnjohnyslongfortesting@gmail.com', 1, '$2b$12$Xvyr3Rd0zXXwIwh//Mbn7OxIAS1Tj61OqI7bSKRQz5bcoss4q2ysi', NULL, NULL),
(367, 'JohnyJohn572', 'Johny', 'John', 'default.png', 1, '299johnjohnyslongfortesting@gmail.com', 1, '$2b$12$6p5TytL.c3TvPvB8g35MBuRx84d3kB0JUFzW04ms2F8YY/qY.6w2e', NULL, NULL),
(368, 'JohnyJohn134', 'Johny', 'John', 'default.png', 1, '300johnjohnyslongfortesting@gmail.com', 1, '$2b$12$yEE2cAEDHHDGFUukIzG69.GN6VKgvGlIE4bIsmLg4YOYsPlJJnRoC', NULL, NULL),
(369, 'JohnyJohn091', 'Johny', 'John', 'default.png', 1, '301johnjohnyslongfortesting@gmail.com', 1, '$2b$12$lcNx84CDc3RlPNv486vhyushWgX1IRVHI4/t142fX4VaxzdQLG21a', NULL, NULL),
(370, 'JohnyJohn371', 'Johny', 'John', 'default.png', 1, '302johnjohnyslongfortesting@gmail.com', 1, '$2b$12$zIcQoaoZTrESk2IiUCxFxOWh1zpaTWDEwdDEBAi3xf6W4tTl25G1O', NULL, NULL),
(371, 'JohnyJohn502', 'Johny', 'John', 'default.png', 1, '303johnjohnyslongfortesting@gmail.com', 1, '$2b$12$Saa0WxzoYjz1Ki8VvN/28OMlc4RIiyk6RAhOEIzXopCQVIskN5K5u', NULL, NULL),
(372, 'JohnyJohn746', 'Johny', 'John', 'default.png', 1, '304johnjohnyslongfortesting@gmail.com', 1, '$2b$12$gWvz.9H4/DSqt4Kz4WxxMOH9ywBWs4W2a7UnsABRtmy6qvVcAFzyC', NULL, NULL),
(373, 'JohnyJohn114', 'Johny', 'John', 'default.png', 1, '305johnjohnyslongfortesting@gmail.com', 1, '$2b$12$psvu7LH7zrm7A.lFT3R2mez99PnSdfooS0aGjJ2tCCkKXzKhCmaEi', NULL, NULL),
(374, 'JohnyJohn383', 'Johny', 'John', 'default.png', 1, '306johnjohnyslongfortesting@gmail.com', 1, '$2b$12$Q65ceJWZJrsPIAxNpWvd5.4XqE6/F3Qnb8OLfxZ.zWnLpYYvEfF8u', NULL, NULL),
(375, 'JohnyJohn313', 'Johny', 'John', 'default.png', 1, '307johnjohnyslongfortesting@gmail.com', 1, '$2b$12$C/EBy8ySC8ZYEdk8AS5NoeieQ7llvL7KR55k2aj3jaj/NVgbF/W5m', NULL, NULL),
(376, 'JohnyJohn753', 'Johny', 'John', 'default.png', 1, '308johnjohnyslongfortesting@gmail.com', 1, '$2b$12$xT3XM89e0VVq3sVxEUe6HOBiWCothhSlnrD.aNIaAuBTET/81aani', NULL, NULL),
(377, 'JohnyJohn126', 'Johny', 'John', 'default.png', 1, '309johnjohnyslongfortesting@gmail.com', 1, '$2b$12$Hqnn7BVGLV8z9veUz/5e5e4k7a24F6ACOYWY/agsxBJ2EVZMEDlp6', NULL, NULL),
(378, 'JohnyJohn404', 'Johny', 'John', 'default.png', 1, '310johnjohnyslongfortesting@gmail.com', 1, '$2b$12$d43W4rQsThXuNGbuhWqwGOZQJ9xJPQTYfmSFov3K7wouAWp3sNzg6', NULL, NULL),
(379, 'JohnyJohn473', 'Johny', 'John', 'default.png', 1, '311johnjohnyslongfortesting@gmail.com', 1, '$2b$12$a.Jb7gs6gi3Ds66qXOpf1OsOnLZxy2H0iD0hR4.UHd7y9Kp4G4BF.', NULL, NULL),
(380, 'JohnyJohn789', 'Johny', 'John', 'default.png', 1, '312johnjohnyslongfortesting@gmail.com', 1, '$2b$12$V42sWOvP/SmGFoEnKxREfOba6q7kggc2Ew2IpSy3iaKcFedrMaPvi', NULL, NULL),
(381, 'JohnyJohn793', 'Johny', 'John', 'default.png', 1, '313johnjohnyslongfortesting@gmail.com', 1, '$2b$12$vgHcYZ5QmgTkqYAv7qmKQea9KIJjTZWmzrPm8rnG1Y8owsySAXRyq', NULL, NULL),
(382, 'JohnyJohn579', 'Johny', 'John', 'default.png', 1, '314johnjohnyslongfortesting@gmail.com', 1, '$2b$12$rdsvyyu7MDiRwvAgJVhwSO9uFCfH5yAoWCsnsjhAMMAEPJLCcVVea', NULL, NULL),
(383, 'JohnyJohn153', 'Johny', 'John', 'default.png', 1, '315johnjohnyslongfortesting@gmail.com', 1, '$2b$12$7FCLuBAVCm9OtLHXTUFfku5lywpvXFMZWbq8YzM.TvU0r61Jw0fpS', NULL, NULL),
(384, 'JohnyJohn569', 'Johny', 'John', 'default.png', 1, '316johnjohnyslongfortesting@gmail.com', 1, '$2b$12$dCt.3e52M6BJluZAj/SmwedKt.6ytT.bGLvnhxPN5VAuxy2ixck6y', NULL, NULL),
(385, 'JohnyJohn654', 'Johny', 'John', 'default.png', 1, '317johnjohnyslongfortesting@gmail.com', 1, '$2b$12$EF7X9D.Bx8.inLmCaOv7AebDVMlAf3ir2wRRke8MMeATWR8lLq6ci', NULL, NULL),
(386, 'JohnyJohn922', 'Johny', 'John', 'default.png', 1, '318johnjohnyslongfortesting@gmail.com', 1, '$2b$12$hZUubaHuoM7tfyc/s0idjeKgQN/euT3qDyDNpqUtbiMUZzR4jTmgG', NULL, NULL),
(387, 'JohnyJohn700', 'Johny', 'John', 'default.png', 1, '319johnjohnyslongfortesting@gmail.com', 1, '$2b$12$Bbepu0GLBYT5TzSUxcaUjO4BEjtIBXdUJfN6Zh1lBswylA48XHMiu', NULL, NULL),
(388, 'JohnyJohn526', 'Johny', 'John', 'default.png', 1, '320johnjohnyslongfortesting@gmail.com', 1, '$2b$12$/eBGU1HxirEg8L3yF7ifsOpaUVA2Zr3G0CBoIm1TGEJ5bM/3J/kO2', NULL, NULL),
(389, 'JohnyJohn450', 'Johny', 'John', 'default.png', 1, '321johnjohnyslongfortesting@gmail.com', 1, '$2b$12$Q7kdLxEcRp.2iHl5iu4g0O21ZzMNVefz/f01Q462RHRiD/47T/Ot2', NULL, NULL),
(390, 'JohnyJohn062', 'Johny', 'John', 'default.png', 1, '322johnjohnyslongfortesting@gmail.com', 1, '$2b$12$Sbx0Dnl7tGCMY.2xXeEGjeb2UOXD6l4.ZfzIrLYlV8Zdtc7bmuFj.', NULL, NULL),
(391, 'JohnyJohn767', 'Johny', 'John', 'default.png', 1, '323johnjohnyslongfortesting@gmail.com', 1, '$2b$12$WaHpLuAPDn0NDMtcIduSJuEXdunP3QmQT80qoVE7tukFS5PPOoNly', NULL, NULL),
(392, 'JohnyJohn166', 'Johny', 'John', 'default.png', 1, '324johnjohnyslongfortesting@gmail.com', 1, '$2b$12$5MFbgdLD9WyxWmtckx6PBu5LO8bY/PbQdMTnO9AxXHOzRQs9944U6', NULL, NULL),
(393, 'JohnyJohn900', 'Johny', 'John', 'default.png', 1, '325johnjohnyslongfortesting@gmail.com', 1, '$2b$12$fV2Q6gpoEWjKOZ1dOnbw8.nu7nId7diUliO1EJzVX2Ty9qSqZ1uU6', NULL, NULL),
(394, 'JohnyJohn439', 'Johny', 'John', 'default.png', 1, '326johnjohnyslongfortesting@gmail.com', 1, '$2b$12$jy9.ItwGNDuOpFPoNzZi.unNwNlwQLeOUCk3A03eOOGIfOWkjoLlS', NULL, NULL),
(395, 'JohnyJohn834', 'Johny', 'John', 'default.png', 1, '327johnjohnyslongfortesting@gmail.com', 1, '$2b$12$HxLMCVbXQ6C5rajL3MC4uepSLENfaUMYLrpgDraS8dBzkN72sdZ6q', NULL, NULL),
(396, 'JohnyJohn888', 'Johny', 'John', 'default.png', 1, '328johnjohnyslongfortesting@gmail.com', 1, '$2b$12$11V74qKuchAuqiwcdDlac.i8Y2aBw1QGl.ZTjvnO0oeYIOR7Rsw4S', NULL, NULL),
(397, 'JohnyJohn612', 'Johny', 'John', 'default.png', 1, '329johnjohnyslongfortesting@gmail.com', 1, '$2b$12$l6ej/j8n.TdCYEusVtuQwOiALPXr6jCKo/wlukXK/q3u6LlEft7qC', NULL, NULL),
(398, 'JohnyJohn573', 'Johny', 'John', 'default.png', 1, '330johnjohnyslongfortesting@gmail.com', 1, '$2b$12$LK9VpnIRh9Jwjxzz.K.Cdu.7JN1L5fTNjZMRKna34dxA9SSHOn9H.', NULL, NULL),
(399, 'JohnyJohn026', 'Johny', 'John', 'default.png', 1, '331johnjohnyslongfortesting@gmail.com', 1, '$2b$12$0j8HSzTZHOfSHunRdziNMe3x5.O6HYtoWdpWPb2THe44kCe/WxRyu', NULL, NULL),
(400, 'JohnyJohn947', 'Johny', 'John', 'default.png', 1, '332johnjohnyslongfortesting@gmail.com', 1, '$2b$12$IGgMm202eCsvTcndsVlqXeKTy2dqDXoWOeLsGqoqtqD.Q43aFjtdu', NULL, NULL),
(401, 'JohnyJohn387', 'Johny', 'John', 'default.png', 1, '333johnjohnyslongfortesting@gmail.com', 1, '$2b$12$Tj.F/BV.3uTtxGscIJlWDettwpr/eTtFvV9b.YfZFZybxlmpfxg66', NULL, NULL),
(402, 'JohnyJohn464', 'Johny', 'John', 'default.png', 1, '334johnjohnyslongfortesting@gmail.com', 1, '$2b$12$sx5aY2nJwS5J3f/4IuK8lOj/1PK.hFu9I9P9sQu6gHQMPpRsr5MTG', NULL, NULL),
(403, 'JohnyJohn551', 'Johny', 'John', 'default.png', 1, '335johnjohnyslongfortesting@gmail.com', 1, '$2b$12$TzSl7fijLJlY2qjXnk.AlO2xrh.c8ZZuw3tSUAllG1F3BqOC/l4xe', NULL, NULL),
(404, 'JohnyJohn132', 'Johny', 'John', 'default.png', 1, '336johnjohnyslongfortesting@gmail.com', 1, '$2b$12$SiJKtekpZXD2wEbgqi.YcuggmsX0Zwk5b6Sr7gWTMuy82jp0fDyjy', NULL, NULL),
(405, 'JohnyJohn497', 'Johny', 'John', 'default.png', 1, '337johnjohnyslongfortesting@gmail.com', 1, '$2b$12$mMGb0JwxahRMnEJcG8tui.lnkSRJMOV3zgdLg399Z5JWwd3N9WOfK', NULL, NULL),
(406, 'JohnyJohn283', 'Johny', 'John', 'default.png', 1, '338johnjohnyslongfortesting@gmail.com', 1, '$2b$12$zxwvxnGHKctgWXfQSYlXS.qJgNXh0Ax2q0wUNZPxQBUXbF8KsJgzK', NULL, NULL),
(407, 'JohnyJohn469', 'Johny', 'John', 'default.png', 1, '339johnjohnyslongfortesting@gmail.com', 1, '$2b$12$bva/3kzhjQ9qVL/J8Jm9wOPxzg8SFb02/xsyDoNftLpUADXmeTjSy', NULL, NULL),
(408, 'JohnyJohn264', 'Johny', 'John', 'default.png', 1, '340johnjohnyslongfortesting@gmail.com', 1, '$2b$12$DBWELnJaDrwh4QuvEloVN.UPd.YAz//.cLZ4qhrnRBLzU/ZucNAL6', NULL, NULL),
(409, 'JohnyJohn963', 'Johny', 'John', 'default.png', 1, '341johnjohnyslongfortesting@gmail.com', 1, '$2b$12$ZXoN1YNd8OpdFjUjpBvrW./aL3cfkq2fpMpIBzn8ILrmeRp6w/n7.', NULL, NULL),
(410, 'JohnyJohn702', 'Johny', 'John', 'default.png', 1, '342johnjohnyslongfortesting@gmail.com', 1, '$2b$12$zD2L1Dv3OW8r5UEMzaPHcOeB/OdwfvdAs5XgmFQR.Yhhy2k3xugmi', NULL, NULL),
(411, 'JohnyJohn443', 'Johny', 'John', 'default.png', 1, '343johnjohnyslongfortesting@gmail.com', 1, '$2b$12$Rxm1lKPXjFi0dO3VJV0Tr.o0PwNEiIh0UdaOAFugfPv1kXHyUCPse', NULL, NULL),
(412, 'JohnyJohn818', 'Johny', 'John', 'default.png', 1, '344johnjohnyslongfortesting@gmail.com', 1, '$2b$12$OS36ZIEnDfKLRDUapELcg.rbsptxMlKR9//bbJjFlUrve.3yYEkxC', NULL, NULL),
(413, 'JohnyJohn012', 'Johny', 'John', 'default.png', 1, '345johnjohnyslongfortesting@gmail.com', 1, '$2b$12$hXGQffTx7av7z2VEs8kHmeHWSAHjxJiR93xOw3gZWzRz.pVGO.8pO', NULL, NULL),
(414, 'JohnyJohn467', 'Johny', 'John', 'default.png', 1, '346johnjohnyslongfortesting@gmail.com', 1, '$2b$12$jxa2I0GMSqS2O4eVV1ZsteT51ScOrgMB5R8Og9qlyLEsdJjNYymJ6', NULL, NULL),
(415, 'JohnyJohn054', 'Johny', 'John', 'default.png', 1, '347johnjohnyslongfortesting@gmail.com', 1, '$2b$12$v6nKF.WKiztGRd9w.8.YOuKa5ssNrPbALDhGTw7tUfYfMxl48yEaS', NULL, NULL),
(416, 'JohnyJohn111', 'Johny', 'John', 'default.png', 1, '348johnjohnyslongfortesting@gmail.com', 1, '$2b$12$REZ1XdkLkgrXyXyFoxUsi.BjQh2EP1L3ydNQAHbFPJ5NcRGiJ4soW', NULL, NULL),
(417, 'JohnyJohn866', 'Johny', 'John', 'default.png', 1, '349johnjohnyslongfortesting@gmail.com', 1, '$2b$12$iWWzLTCsivYg6GTkSDwoEOytNQae2/idfcCBZMqpe9eF/za3LPyBe', NULL, NULL),
(418, 'JohnyJohn097', 'Johny', 'John', 'default.png', 1, '350johnjohnyslongfortesting@gmail.com', 1, '$2b$12$oAw.l.eMJDO6usmlmMLWleJw2Hp1ZS1zG4q8cL7KwcQg1ZpxcesWu', NULL, NULL),
(419, 'JohnyJohn222', 'Johny', 'John', 'default.png', 1, '351johnjohnyslongfortesting@gmail.com', 1, '$2b$12$FqWTud59YZ3xDdRM7WJVe.fa8O2GxMia8eB7E93hb4iZYOiX.zuTm', NULL, NULL),
(420, 'JohnyJohn794', 'Johny', 'John', 'default.png', 1, '352johnjohnyslongfortesting@gmail.com', 1, '$2b$12$5zEIy04meAKuO1O3E43oaeOffaehYaeY0pFMbJn9FdvfDde4ufo6m', NULL, NULL),
(421, 'JohnyJohn244', 'Johny', 'John', 'default.png', 1, '353johnjohnyslongfortesting@gmail.com', 1, '$2b$12$vqotihofIzUmEv15edh5teY.WGvH.mJ7XuOhOSUGb1djHhOPrBeQ2', NULL, NULL),
(422, 'JohnyJohn777', 'Johny', 'John', 'default.png', 1, '354johnjohnyslongfortesting@gmail.com', 1, '$2b$12$Zsbc04bWsS9ysp/LmjtNTu6JgUIU.Q75FsabPmfnHKEBriRwfI80K', NULL, NULL),
(423, 'JohnyJohn570', 'Johny', 'John', 'default.png', 1, '355johnjohnyslongfortesting@gmail.com', 1, '$2b$12$dwUP4oeovwJhYBhsYSE5WOcg/kgx8q9PPc6Ts2whbd0f7hgCIbjHu', NULL, NULL),
(424, 'JohnyJohn911', 'Johny', 'John', 'default.png', 1, '356johnjohnyslongfortesting@gmail.com', 1, '$2b$12$oDaYX8ykgC7DRLKhnMPKiOS4MuWcYnHM52znIghQKURxvfh.6dpgm', NULL, NULL),
(425, 'JohnyJohn510', 'Johny', 'John', 'default.png', 1, '357johnjohnyslongfortesting@gmail.com', 1, '$2b$12$8fel0tWu6nd9NBott32rQ.DLxu42wwflIKH6f.VukgqhWziHTzKp2', NULL, NULL),
(426, 'JohnyJohn816', 'Johny', 'John', 'default.png', 1, '358johnjohnyslongfortesting@gmail.com', 1, '$2b$12$/qsGQVOLzn42shqTrugvqO4LMdQhMw4vhWpOfGnqGdKa8.eQPXkVq', NULL, NULL),
(427, 'JohnyJohn245', 'Johny', 'John', 'default.png', 1, '359johnjohnyslongfortesting@gmail.com', 1, '$2b$12$CXzVcZtRsFntho22Aka.5eUhhuoCGShy5DLwP7lgPD2MBVdJx6Mdq', NULL, NULL),
(428, 'JohnyJohn293', 'Johny', 'John', 'default.png', 1, '360johnjohnyslongfortesting@gmail.com', 1, '$2b$12$MxdEirz5FLPaYlIBNZRljOETQf1QG2/bnIFapqge6Qwqs0bjsgWnS', NULL, NULL),
(429, 'JohnyJohn306', 'Johny', 'John', 'default.png', 1, '361johnjohnyslongfortesting@gmail.com', 1, '$2b$12$ewWR47ToKAwlnAyd9E74S.9q/civqYB8VfcIbHg4LukD0lFZ35uHm', NULL, NULL),
(430, 'JohnyJohn720', 'Johny', 'John', 'default.png', 1, '362johnjohnyslongfortesting@gmail.com', 1, '$2b$12$AATs75hA5rSnzBzFmOJxNe3nlJsExzUPCUvPa7kfu/Q1TdCf3tWO.', NULL, NULL),
(431, 'JohnyJohn398', 'Johny', 'John', 'default.png', 1, '363johnjohnyslongfortesting@gmail.com', 1, '$2b$12$z.msQ5KblIm/tiJJsfV6KeunLs1kQ2qsuIZvuxeq8fpLHsElXfo.K', NULL, NULL),
(432, 'JohnyJohn956', 'Johny', 'John', 'default.png', 1, '364johnjohnyslongfortesting@gmail.com', 1, '$2b$12$L9dTPaNFr15xLxUS40NOZepGvq79xujfOn2ytqiB.S2MFuXsuszX6', NULL, NULL),
(433, 'JohnyJohn807', 'Johny', 'John', 'default.png', 1, '365johnjohnyslongfortesting@gmail.com', 1, '$2b$12$6DvHYQqlHH4C5qLR.IVjge/epKVrtUjM.Ixp2i4hcnhFWOvSXYxnS', NULL, NULL),
(434, 'JohnyJohn116', 'Johny', 'John', 'default.png', 1, '366johnjohnyslongfortesting@gmail.com', 1, '$2b$12$4ajlMcmvUaY9IPr5kfyASuRgQ8XiqLBKIscz.8COiz95wUFyYAhmO', NULL, NULL),
(435, 'JohnyJohn441', 'Johny', 'John', 'default.png', 1, '367johnjohnyslongfortesting@gmail.com', 1, '$2b$12$POQSFUwO4HTGa3Y1Aju6vOlmOHejUGy84GLqGzzgaekVduwqGGKny', NULL, NULL),
(436, 'JohnyJohn561', 'Johny', 'John', 'default.png', 1, '368johnjohnyslongfortesting@gmail.com', 1, '$2b$12$SfQSmfQDe5gESHAuAh4g3u50zStI3pU.QZmkhKgWVjTjsnyOcdbSO', NULL, NULL),
(437, 'JohnyJohn546', 'Johny', 'John', 'default.png', 1, '369johnjohnyslongfortesting@gmail.com', 1, '$2b$12$yODmDRvjvbDXM.HXCuQNYuAYYZ2Mwqfbc0SgNttL3BnolM8IyNnOe', NULL, NULL),
(438, 'JohnyJohn708', 'Johny', 'John', 'default.png', 1, '370johnjohnyslongfortesting@gmail.com', 1, '$2b$12$sAcICBQwJVQ2jdIT2Hy.Mu2XBx2AIZhk5aEglmdCf3ch6akID4o22', NULL, NULL),
(439, 'JohnyJohn410', 'Johny', 'John', 'default.png', 1, '371johnjohnyslongfortesting@gmail.com', 1, '$2b$12$bBihpvNCKUY3IAMFgj51meZTS7LQrNbBp.D43IqKTpf1Pnt3bSG.u', NULL, NULL),
(440, 'JohnyJohn434', 'Johny', 'John', 'default.png', 1, '372johnjohnyslongfortesting@gmail.com', 1, '$2b$12$Pvu1o3AQq.X8nOxs83WrqOP5K/xsIumT7x7NK/rPkjMtnYGBq154a', NULL, NULL),
(441, 'JohnyJohn835', 'Johny', 'John', 'default.png', 1, '373johnjohnyslongfortesting@gmail.com', 1, '$2b$12$HYsBUzywMLwpIpoJmeOuzOm9BGlI8jFeedN3mAdEmSiNYZthtl0vy', NULL, NULL),
(442, 'JohnyJohn248', 'Johny', 'John', 'default.png', 1, '374johnjohnyslongfortesting@gmail.com', 1, '$2b$12$WHMFXvT61CLUaFQ2mgsPYuv33LymbHcvBt3o7WVC1PUGlybdelpL6', NULL, NULL),
(443, 'JohnyJohn400', 'Johny', 'John', 'default.png', 1, '375johnjohnyslongfortesting@gmail.com', 1, '$2b$12$D/CCjA8U0Eu0awPIZZNOp.0jPez7J7hlEYY/j5gr7P8pZawMjTiTK', NULL, NULL),
(444, 'JohnyJohn161', 'Johny', 'John', 'default.png', 1, '376johnjohnyslongfortesting@gmail.com', 1, '$2b$12$SwYYO7ga9iOOVIC/OrZjxOScHTE62WZb/SLfRZ1qNl.DQFAf8vAHq', NULL, NULL),
(445, 'JohnyJohn880', 'Johny', 'John', 'default.png', 1, '377johnjohnyslongfortesting@gmail.com', 1, '$2b$12$HkWl7vxvo/RWJUSUBkqNKOPr.27NYADFlUnpNnbcv7GKxGUs0eXvW', NULL, NULL),
(446, 'JohnyJohn659', 'Johny', 'John', 'default.png', 1, '378johnjohnyslongfortesting@gmail.com', 1, '$2b$12$HvLpkC.TxiFpH01IaeNgcOZG84lKUi96ZVTbQ05U1nqAvDPiLYcKq', NULL, NULL),
(447, 'JohnyJohn332', 'Johny', 'John', 'default.png', 1, '379johnjohnyslongfortesting@gmail.com', 1, '$2b$12$ZvJvwvXXu6OT7r7tO9GXKuuwohIw4StEo3kcFo9qEL0WpUY3E.NDi', NULL, NULL),
(448, 'JohnyJohn648', 'Johny', 'John', 'default.png', 1, '380johnjohnyslongfortesting@gmail.com', 1, '$2b$12$.jra3qZVEkJdGoCOYpNvWeqb2FEqAJ9az1Fm.ySNTiB7hjJrWWbVG', NULL, NULL),
(449, 'JohnyJohn435', 'Johny', 'John', 'default.png', 1, '381johnjohnyslongfortesting@gmail.com', 1, '$2b$12$kcusDJRe2ZUEd20sXhrk7OfBv.6xXHPMmpv0ETt5GWc0P.2P8Q6t6', NULL, NULL),
(450, 'JohnyJohn747', 'Johny', 'John', 'default.png', 1, '382johnjohnyslongfortesting@gmail.com', 1, '$2b$12$HIBfjrt.Jawfm5eabNZ7JOBw3L.NTd7FQDyi/zzHCNF9z4i92sFuG', NULL, NULL),
(451, 'JohnyJohn762', 'Johny', 'John', 'default.png', 1, '383johnjohnyslongfortesting@gmail.com', 1, '$2b$12$koWL5Emz0cxMAKBQqUZjq.1JlEgxeWgomIaWXkaWYD/1CDnmA6fyS', NULL, NULL),
(452, 'JohnyJohn790', 'Johny', 'John', 'default.png', 1, '384johnjohnyslongfortesting@gmail.com', 1, '$2b$12$HSr65XqtlDddnLq4ZIknF.n5H6pVhDehWKyCCFAhvBDmxcpohr3/6', NULL, NULL),
(453, 'JohnyJohn157', 'Johny', 'John', 'default.png', 1, '385johnjohnyslongfortesting@gmail.com', 1, '$2b$12$RUm.aRL0p.Kc3tRvsuiRguITkbTtjaFtdRQopdwQC/pQmKLTib0Ba', NULL, NULL),
(454, 'JohnyJohn735', 'Johny', 'John', 'default.png', 1, '386johnjohnyslongfortesting@gmail.com', 1, '$2b$12$KfmRvqPlph4vNQQeryb3Tu69w7b7WvObTj/O3tccGAyxggtipf4sO', NULL, NULL),
(455, 'JohnyJohn494', 'Johny', 'John', 'default.png', 1, '387johnjohnyslongfortesting@gmail.com', 1, '$2b$12$KAei2umSGGj3qa65PgtS0uxQLR/FGm1gRBNA3J2aKvieBRlAkOx46', NULL, NULL),
(456, 'JohnyJohn676', 'Johny', 'John', 'default.png', 1, '388johnjohnyslongfortesting@gmail.com', 1, '$2b$12$Rqz1lgouodsYBZ6wyTO43u8ijSUlCI4psZE/dwRKPJ4f/cHcBGoO6', NULL, NULL),
(457, 'JohnyJohn870', 'Johny', 'John', 'default.png', 1, '389johnjohnyslongfortesting@gmail.com', 1, '$2b$12$jhu6lMYod/.NT.dTPbaPEOB8jn1b1dsQe6tfz2I9B85MJUS.mCNvu', NULL, NULL),
(458, 'JohnyJohn372', 'Johny', 'John', 'default.png', 1, '390johnjohnyslongfortesting@gmail.com', 1, '$2b$12$lFKLXiVBrLrGG5XETGxM1..u768OIpr5J9vJyMZErifK9wvD2KtB6', NULL, NULL),
(459, 'JohnyJohn249', 'Johny', 'John', 'default.png', 1, '391johnjohnyslongfortesting@gmail.com', 1, '$2b$12$YO5lQpSMAuXKNAP1Bfph6u9fNJ/4/C5ygJmpcvLVBogMFVy1UpV92', NULL, NULL),
(460, 'JohnyJohn456', 'Johny', 'John', 'default.png', 1, '392johnjohnyslongfortesting@gmail.com', 1, '$2b$12$hulkKSOQI4K5YjZmfI87SeaK0jAYOXajuE367wFJtbIfoh4ZAmtSW', NULL, NULL),
(461, 'JohnyJohn862', 'Johny', 'John', 'default.png', 1, '393johnjohnyslongfortesting@gmail.com', 1, '$2b$12$MuCApcnduaId62.1lSZ2/uBcIacqhsmes.SsY4E8Qa0oQLVb60V.G', NULL, NULL),
(462, 'JohnyJohn846', 'Johny', 'John', 'default.png', 1, '394johnjohnyslongfortesting@gmail.com', 1, '$2b$12$zcddzyWvvpPfPV4eYS8ad.PDB5qBrYdp5OaQKUM1ex6GwnEvIqmvu', NULL, NULL),
(463, 'JohnyJohn042', 'Johny', 'John', 'default.png', 1, '395johnjohnyslongfortesting@gmail.com', 1, '$2b$12$Zp6iz3r0AzdmMRWSU8AqT.QCpO5VG8ohUnHLas6vYR5rau4f04UFG', NULL, NULL),
(464, 'JohnyJohn677', 'Johny', 'John', 'default.png', 1, '396johnjohnyslongfortesting@gmail.com', 1, '$2b$12$KQwYualoNq9UshJ0I9ujQ.txlfqw.JquWs906kSK6sfkjeoihfZ26', NULL, NULL),
(465, 'JohnyJohn782', 'Johny', 'John', 'default.png', 1, '397johnjohnyslongfortesting@gmail.com', 1, '$2b$12$ZJYc1RNcBpc17inNMithr.zYwnIjLjXgz35NB2RoX.2EkK13ylsKa', NULL, NULL),
(466, 'JohnyJohn472', 'Johny', 'John', 'default.png', 1, '398johnjohnyslongfortesting@gmail.com', 1, '$2b$12$9JK/IfPWaAJwROiZ2yvMeuxranFeNHJ2dyHdSbpwcxCbceLypybf.', NULL, NULL),
(467, 'JohnyJohn694', 'Johny', 'John', 'default.png', 1, '399johnjohnyslongfortesting@gmail.com', 1, '$2b$12$6Ip3UivyfdFyruqEnQ5rfuT041VwBY5CHb61cXCIX1BGr/rfVKulG', NULL, NULL),
(468, 'JohnyJohn329', 'Johny', 'John', 'default.png', 1, '400johnjohnyslongfortesting@gmail.com', 1, '$2b$12$p7y1sk333BrK.0RwSXgEZeQMr4Zuk14h3.OFBWj/bp0Uq0ePXoR0W', NULL, NULL),
(469, 'JohnyJohn799', 'Johny', 'John', 'default.png', 1, '401johnjohnyslongfortesting@gmail.com', 1, '$2b$12$vNmJmm9LGD1Lo4CioiYcHOSK9xaqqKiZHjl2DY7Gjff9.WeixsceG', NULL, NULL),
(470, 'JohnyJohn228', 'Johny', 'John', 'default.png', 1, '402johnjohnyslongfortesting@gmail.com', 1, '$2b$12$8C0RDNuWgYBTS6.ZmEYr6.KerIFsGXHCxWlS1lnXY2a4EXp.wZaR2', NULL, NULL),
(471, 'JohnyJohn644', 'Johny', 'John', 'default.png', 1, '403johnjohnyslongfortesting@gmail.com', 1, '$2b$12$k.Gs6cHPlN/CZiu3TclBlu9IozStNnuBolmOI7Q6Ve9OGHwx0q5.G', NULL, NULL),
(472, 'JohnyJohn909', 'Johny', 'John', 'default.png', 1, '404johnjohnyslongfortesting@gmail.com', 1, '$2b$12$C4B6py7c3CyFdPz3vCTl8.wpGWUoi6ENYs0sNn7GQJTH838oRggA2', NULL, NULL),
(473, 'JohnyJohn043', 'Johny', 'John', 'default.png', 1, '405johnjohnyslongfortesting@gmail.com', 1, '$2b$12$ES8DHKzb.IoSTAAJNBM.x.1niAuJHDZU4ebd7yLJ40nyQ810V16Gu', NULL, NULL),
(474, 'JohnyJohn092', 'Johny', 'John', 'default.png', 1, '406johnjohnyslongfortesting@gmail.com', 1, '$2b$12$pSFp3Uxqd.ZtBWM271oHOeoPA1K5dviZt1YAbjy0lGUxdMiyH6u2.', NULL, NULL),
(475, 'JohnyJohn766', 'Johny', 'John', 'default.png', 1, '407johnjohnyslongfortesting@gmail.com', 1, '$2b$12$3U/iZTgoJ4ZU8QUlr4kwOug35q4yjlsZYtPFkhubU3qGCGXHLt3JC', NULL, NULL),
(476, 'JohnyJohn783', 'Johny', 'John', 'default.png', 1, '408johnjohnyslongfortesting@gmail.com', 1, '$2b$12$OB82eGR9pjLrV6ZaLo3N2erANnSNMRqsFitmIvOdO7MAj7.xol4Q2', NULL, NULL),
(477, 'JohnyJohn721', 'Johny', 'John', 'default.png', 1, '409johnjohnyslongfortesting@gmail.com', 1, '$2b$12$fdsYycFMooyipmFVu.MgiO6d/o8LT2NJGYZCT9JF5mTH1ucANQfqC', NULL, NULL),
(478, 'JohnyJohn804', 'Johny', 'John', 'default.png', 1, '410johnjohnyslongfortesting@gmail.com', 1, '$2b$12$2/bK0InqmHjs17nVusFpkumgA.zexftvXDV.gu3FZgN.WISVaYMYe', NULL, NULL),
(479, 'JohnyJohn093', 'Johny', 'John', 'default.png', 1, '411johnjohnyslongfortesting@gmail.com', 1, '$2b$12$DuxjMUoy/3sGLOBIdUhD8OxEc2.v987S969HjDzs/SBuvHlBUNxB2', NULL, NULL),
(480, 'JohnyJohn905', 'Johny', 'John', 'default.png', 1, '412johnjohnyslongfortesting@gmail.com', 1, '$2b$12$h0TrBKHQawDk7XY62TPxG.I2x1Ft1j9NjbDErjOnyr8UmykbDM1aO', NULL, NULL),
(481, 'JohnyJohn430', 'Johny', 'John', 'default.png', 1, '413johnjohnyslongfortesting@gmail.com', 1, '$2b$12$/ZDjwStpDhUFfVTU04UA3./kwHu3oz/vA9tG.ZH5dZcbEoGoD1zQe', NULL, NULL),
(482, 'JohnyJohn597', 'Johny', 'John', 'default.png', 1, '414johnjohnyslongfortesting@gmail.com', 1, '$2b$12$d5.jXW28qnXUSHLV6mDL7u4iDXx3qOaQxIMN.9UpJDYzYGqEtM2Cy', NULL, NULL),
(483, 'JohnyJohn960', 'Johny', 'John', 'default.png', 1, '415johnjohnyslongfortesting@gmail.com', 1, '$2b$12$RFt4PsNNWleXRYewqkzbfe7zv9L.0Rqw7cBzaJiT57q5y8WaJh3QG', NULL, NULL),
(484, 'JohnyJohn647', 'Johny', 'John', 'default.png', 1, '416johnjohnyslongfortesting@gmail.com', 1, '$2b$12$OBIvdD3h3b2yY1dnflakKeg8RccDmn1IRRCEVN3dFi3RG5A1sB8Ke', NULL, NULL),
(485, 'JohnyJohn461', 'Johny', 'John', 'default.png', 1, '417johnjohnyslongfortesting@gmail.com', 1, '$2b$12$5cck5IgsHH2K7khflo6PMuglHo2QfgjOZYgoATAczah2KqvQwDtZS', NULL, NULL),
(486, 'JohnyJohn373', 'Johny', 'John', 'default.png', 1, '418johnjohnyslongfortesting@gmail.com', 1, '$2b$12$6SixTwlNVGoejxPwPES3beZQsT1WqlpEKsTh2Yra1uP4F2fX0zeZq', NULL, NULL),
(487, 'JohnyJohn409', 'Johny', 'John', 'default.png', 1, '419johnjohnyslongfortesting@gmail.com', 1, '$2b$12$cqkd8AgNgGsmhLrguuuRleesIa52cuEI0pLQMCva30ycmSCTIXOgK', NULL, NULL),
(488, 'JohnyJohn885', 'Johny', 'John', 'default.png', 1, '420johnjohnyslongfortesting@gmail.com', 1, '$2b$12$aD6oIxvT62z86bBBVsfb5./T9TDgqUJLpEhDoPC5ydU6CuwnNBad6', NULL, NULL),
(489, 'JohnyJohn876', 'Johny', 'John', 'default.png', 1, '421johnjohnyslongfortesting@gmail.com', 1, '$2b$12$k10Ti94ClGi/iU77L3n7WOa.U5CUjC50bGl7gi55u8W4pZAM5q/NW', NULL, NULL),
(490, 'JohnyJohn580', 'Johny', 'John', 'default.png', 1, '422johnjohnyslongfortesting@gmail.com', 1, '$2b$12$bF3Ko2dscBJ8huWF9qgCWOKk4ukL3hIutoI6MaHb1vE8zVVOGMHhG', NULL, NULL),
(491, 'JohnyJohn916', 'Johny', 'John', 'default.png', 1, '423johnjohnyslongfortesting@gmail.com', 1, '$2b$12$lIZKy9BdQjK8cepBxGQZe.9m48D3L0pHD9Yr1sFZi7h.g0nDfi60S', NULL, NULL),
(492, 'JohnyJohn028', 'Johny', 'John', 'default.png', 1, '424johnjohnyslongfortesting@gmail.com', 1, '$2b$12$dhJ/inKJgevXzpSuB7xduOAk1V1tkHcwG/EyYaj3UsWKKGx/1n.fC', NULL, NULL),
(493, 'JohnyJohn185', 'Johny', 'John', 'default.png', 1, '425johnjohnyslongfortesting@gmail.com', 1, '$2b$12$eg6VST5GyvSjx7W1FEsWhegLLChpxynYCsgdXczlvgBU7rWpefWiO', NULL, NULL),
(494, 'JohnyJohn303', 'Johny', 'John', 'default.png', 1, '426johnjohnyslongfortesting@gmail.com', 1, '$2b$12$gkJ2h5A2yC9gaqxXSnfQ9uC1ox.ywoHpIlbA6csAuXNLOMOD0q2lS', NULL, NULL),
(495, 'JohnyJohn710', 'Johny', 'John', 'default.png', 1, '427johnjohnyslongfortesting@gmail.com', 1, '$2b$12$2oLz/qZ04riL4T0iNtfgwOWuZPFxxa4DZ3R4ur.JdJEFZQV//JCzK', NULL, NULL),
(496, 'JohnyJohn474', 'Johny', 'John', 'default.png', 1, '428johnjohnyslongfortesting@gmail.com', 1, '$2b$12$u5LwqbRLFPTJmknTNZZnIu/4E.XDWK7xplv7rjsUMltLqtqbuRjoi', NULL, NULL),
(497, 'JohnyJohn429', 'Johny', 'John', 'default.png', 1, '429johnjohnyslongfortesting@gmail.com', 1, '$2b$12$ZHgJzIieg6oFXUaHSiupdeFIoA6KKZ0zb1fWf8jUP3C870N0eDuem', NULL, NULL),
(498, 'JohnyJohn942', 'Johny', 'John', 'default.png', 1, '430johnjohnyslongfortesting@gmail.com', 1, '$2b$12$VL6gVLnljTi/scoNr8Mh/uY5LsMHDcw8gOuS7PoQgvGhacqCzAuy2', NULL, NULL),
(499, 'JohnyJohn868', 'Johny', 'John', 'default.png', 1, '431johnjohnyslongfortesting@gmail.com', 1, '$2b$12$PuwrqBs17gR0cfnSGhTlruV1mLaOvOP/ssPoIMFvM1MScm4DAjiv.', NULL, NULL),
(500, 'JohnyJohn234', 'Johny', 'John', 'default.png', 1, '432johnjohnyslongfortesting@gmail.com', 1, '$2b$12$uuZtv0LDksSiBgTbnjUzlOaU8HTdvjTJAUN/1vpb.uY9S5R5FPW3e', NULL, NULL),
(501, 'JohnyJohn596', 'Johny', 'John', 'default.png', 1, '433johnjohnyslongfortesting@gmail.com', 1, '$2b$12$B9RW67d7LbFActCiSbygpuMimsyNT2C3snVn.ef1dFkajxEl9Keri', NULL, NULL),
(502, 'JohnyJohn411', 'Johny', 'John', 'default.png', 1, '434johnjohnyslongfortesting@gmail.com', 1, '$2b$12$lzAMAVaPkwwt4Ho8sAmQsupgoBN9KgjWD2Yyl3hkcV6t9YrgzOxpy', NULL, NULL),
(503, 'JohnyJohn066', 'Johny', 'John', 'default.png', 1, '435johnjohnyslongfortesting@gmail.com', 1, '$2b$12$wCdrg0G9k64wXQU5w2Ep4uD2.5aH2W4gi.K5G4bSNw22xS.0bgzy.', NULL, NULL),
(504, 'JohnyJohn250', 'Johny', 'John', 'default.png', 1, '436johnjohnyslongfortesting@gmail.com', 1, '$2b$12$AKIEWS6fruAMQHZfD.yoqucJO5npwCeiis0Wnf8wmfU/XR6gMGxUi', NULL, NULL),
(505, 'JohnyJohn608', 'Johny', 'John', 'default.png', 1, '437johnjohnyslongfortesting@gmail.com', 1, '$2b$12$/ib10ad8sjWl4UV.NCEsIux7hbczGfz47ygGXB0KfOnj0B9JaewcW', NULL, NULL),
(506, 'JohnyJohn509', 'Johny', 'John', 'default.png', 1, '438johnjohnyslongfortesting@gmail.com', 1, '$2b$12$hgbJLijmdPLrv3VqUgfQQ.bP3oZjUJCa6XC..QdqY7Qqjm/BQnN/S', NULL, NULL),
(507, 'JohnyJohn085', 'Johny', 'John', 'default.png', 1, '439johnjohnyslongfortesting@gmail.com', 1, '$2b$12$zml2uLgel0Mhr316WqCD/OsgdZI..octUZqg6AjMcXNxeBSmrC2kK', NULL, NULL),
(508, 'JohnyJohn314', 'Johny', 'John', 'default.png', 1, '440johnjohnyslongfortesting@gmail.com', 1, '$2b$12$9n.e9GXeP3bv0CGTJIFRG.ziDNkeFp6s7crqIduTDExO53tNwQc2O', NULL, NULL),
(509, 'JohnyJohn451', 'Johny', 'John', 'default.png', 1, '441johnjohnyslongfortesting@gmail.com', 1, '$2b$12$Ol.zCQGzAAhMAqaeEhS6neHwSn5IMkmX4sxMBn1venkDZcbuMEwZ2', NULL, NULL),
(510, 'JohnyJohn701', 'Johny', 'John', 'default.png', 1, '442johnjohnyslongfortesting@gmail.com', 1, '$2b$12$lXHjG6NkhUF9d1aC6nT5j.syWeZsoYnbx5LTdR6GhpEoNyH5qNgrG', NULL, NULL),
(511, 'JohnyJohn112', 'Johny', 'John', 'default.png', 1, '443johnjohnyslongfortesting@gmail.com', 1, '$2b$12$1bKIv/isyCmvFbzsMX.yy.hrMqQTyfKX7iztAEtHsHS9bJwKGmMQW', NULL, NULL),
(512, 'JohnyJohn996', 'Johny', 'John', 'default.png', 1, '444johnjohnyslongfortesting@gmail.com', 1, '$2b$12$AHtU/wj1N4f4nhvcMZIcuOMtNETjxWMEWGgpHzip0RtHvOg52hEQy', NULL, NULL),
(513, 'JohnyJohn619', 'Johny', 'John', 'default.png', 1, '445johnjohnyslongfortesting@gmail.com', 1, '$2b$12$H3CtdcQmMEwRH298wdiyCOIrIs2PwCCZvXjt3RAZ75ZUVpzOf6Z4i', NULL, NULL),
(514, 'JohnyJohn385', 'Johny', 'John', 'default.png', 1, '446johnjohnyslongfortesting@gmail.com', 1, '$2b$12$phKBwttFksUM5o6APfZuIONgiEA1uS0Ms9VZCKh4R8u/VDcLfqySC', NULL, NULL),
(515, 'JohnyJohn083', 'Johny', 'John', 'default.png', 1, '447johnjohnyslongfortesting@gmail.com', 1, '$2b$12$xCFNvGFqUHwjavJA3NCq9eJwEIYzgkAX.f2PCXbuTIpYvKrrmPKLm', NULL, NULL),
(516, 'JohnyJohn941', 'Johny', 'John', 'default.png', 1, '448johnjohnyslongfortesting@gmail.com', 1, '$2b$12$bhCjxexMmAhEzmTFfkFV/uOTpgMFDr6WJzv4hK7/qy9Ate7zLep1.', NULL, NULL),
(517, 'JohnyJohn725', 'Johny', 'John', 'default.png', 1, '449johnjohnyslongfortesting@gmail.com', 1, '$2b$12$kj57wDOF0TedSdJ.So.aQugSZdKMEvMqD0H1aJan9VjCi4k5SeAYO', NULL, NULL),
(518, 'JohnyJohn566', 'Johny', 'John', 'default.png', 1, '450johnjohnyslongfortesting@gmail.com', 1, '$2b$12$ADNWD6a8EC0Y.AKcVWlqceqYEMd3hzefVGS68KIjsZmbPgCtzXtcW', NULL, NULL),
(519, 'JohnyJohn098', 'Johny', 'John', 'default.png', 1, '451johnjohnyslongfortesting@gmail.com', 1, '$2b$12$2ial2S5VfEeLyInd6GdnFORcWVv7sdJqdGYnlHsbBHSFvNIy/Dk2S', NULL, NULL),
(520, 'JohnyJohn124', 'Johny', 'John', 'default.png', 1, '452johnjohnyslongfortesting@gmail.com', 1, '$2b$12$UTIOeNI770ScM2rd8Hqa9O/wmEe.h4KPRZP3s.I.KUA7HfG3298UC', NULL, NULL),
(521, 'JohnyJohn055', 'Johny', 'John', 'default.png', 1, '453johnjohnyslongfortesting@gmail.com', 1, '$2b$12$Zpf7J9/1N/hWJoAcpYChEOLBarQ.RWQP3FA05zTREpr57bpOVZGKa', NULL, NULL),
(522, 'JohnyJohn113', 'Johny', 'John', 'default.png', 1, '454johnjohnyslongfortesting@gmail.com', 1, '$2b$12$cO39rTyHHtnlYKIOzMK1IuSZUMeO.BqCHwRW2J4mU4Cl0XXeLZf1C', NULL, NULL),
(523, 'JohnyJohn221', 'Johny', 'John', 'default.png', 1, '455johnjohnyslongfortesting@gmail.com', 1, '$2b$12$Y1.roIARyuTi42Dx7VvRReZxTHG.czNhFdMQFF6IHf3eQeyrssdK.', NULL, NULL),
(524, 'JohnyJohn039', 'Johny', 'John', 'default.png', 1, '456johnjohnyslongfortesting@gmail.com', 1, '$2b$12$a6ChQ3o2SOxT3ESB9BRN0.o.Gi8VvuNTusfDMoOUB9bWewM6mRCsq', NULL, NULL),
(525, 'JohnyJohn416', 'Johny', 'John', 'default.png', 1, '457johnjohnyslongfortesting@gmail.com', 1, '$2b$12$xvMM2rSWpNB7HuRL1pg7F.yoWpk677w7Blqq1Eu03QBHm7v8xOcNS', NULL, NULL),
(526, 'JohnyJohn032', 'Johny', 'John', 'default.png', 1, '458johnjohnyslongfortesting@gmail.com', 1, '$2b$12$tvhDXvIJGaU4ACPPsf.rPeEnpU4EhRt/yDxdv2LQeSYFYnlVlBKG.', NULL, NULL),
(527, 'JohnyJohn877', 'Johny', 'John', 'default.png', 1, '459johnjohnyslongfortesting@gmail.com', 1, '$2b$12$nbVRGKzmeqt.Qk25RBeGbecNF4gSIpyQVRgx64r/9ydfqJsmX4C2C', NULL, NULL),
(528, 'JohnyJohn958', 'Johny', 'John', 'default.png', 1, '460johnjohnyslongfortesting@gmail.com', 1, '$2b$12$HFt9BBqUANefypAAjQdl6O.BzXwQpT./qVKeuVXYggnHzhUJRepUy', NULL, NULL),
(529, 'JohnyJohn736', 'Johny', 'John', 'default.png', 1, '461johnjohnyslongfortesting@gmail.com', 1, '$2b$12$FNSu.AhLpb8dqjLaeEeE/OB3aDKMhU5wiLHgFp3pD.OJlLnAkBSWW', NULL, NULL),
(530, 'JohnyJohn552', 'Johny', 'John', 'default.png', 1, '462johnjohnyslongfortesting@gmail.com', 1, '$2b$12$r61wOgmEC.O08FnAxZa74.HHIne4fYsCUtQIngtjt4LmVTVznatrq', NULL, NULL),
(531, 'JohnyJohn859', 'Johny', 'John', 'default.png', 1, '463johnjohnyslongfortesting@gmail.com', 1, '$2b$12$vz47DaQTgn7NwHnP32B3XeqZxUkUiIKGORM.Tl70oMdNV/l/t79Ry', NULL, NULL),
(532, 'JohnyJohn384', 'Johny', 'John', 'default.png', 1, '464johnjohnyslongfortesting@gmail.com', 1, '$2b$12$tY7l4HDQJvTZDl40d1cGvObwSy75Lyb47ibiokrcesybYQPOBimsy', NULL, NULL),
(533, 'JohnyJohn121', 'Johny', 'John', 'default.png', 1, '465johnjohnyslongfortesting@gmail.com', 1, '$2b$12$sGUBw/xRhSSXXQUab7PT1.lJGy3BuU9SUp7csC/kjumr06GdN5mbW', NULL, NULL),
(534, 'JohnyJohn150', 'Johny', 'John', 'default.png', 1, '466johnjohnyslongfortesting@gmail.com', 1, '$2b$12$c4iJPolXXw69O2KgRKxUtO74BIwZI1X7K89MES8Z9SehG81FuDau2', NULL, NULL),
(535, 'JohnyJohn277', 'Johny', 'John', 'default.png', 1, '467johnjohnyslongfortesting@gmail.com', 1, '$2b$12$Vo0gmDqXPHn8yrOBTJ6Hr.fwfIws16zRRaO5/JUcELMg0boq9qNS.', NULL, NULL),
(536, 'JohnyJohn923', 'Johny', 'John', 'default.png', 1, '468johnjohnyslongfortesting@gmail.com', 1, '$2b$12$w8UHlNhF9O3DmMp.z5FGdeExjVoqlBUoITx/E.rw8WEQ8FWWIq9X2', NULL, NULL),
(537, 'JohnyJohn064', 'Johny', 'John', 'default.png', 1, '469johnjohnyslongfortesting@gmail.com', 1, '$2b$12$NovhXNMyIJ7xPk5pTmNBjOxMbMH5ioTP2.SWvMsN.FTHE6Qmn57CS', NULL, NULL),
(538, 'JohnyJohn465', 'Johny', 'John', 'default.png', 1, '470johnjohnyslongfortesting@gmail.com', 1, '$2b$12$jtNRsL8zvia3N8LpkW5D2.98ikyGKsUen8DNT29fM3F59vI5hwnFi', NULL, NULL),
(539, 'JohnyJohn478', 'Johny', 'John', 'default.png', 1, '471johnjohnyslongfortesting@gmail.com', 1, '$2b$12$pUElXvAN.9U/XeCPquQxyeoLjWRlv8hFX/VF/VFaOx8CxrnxFCnvK', NULL, NULL),
(540, 'JohnyJohn440', 'Johny', 'John', 'default.png', 1, '472johnjohnyslongfortesting@gmail.com', 1, '$2b$12$g2bKxU5Cv//vXLr/qQ.2u.0Eps.Mqd9SsxxPkSjNA3S3TbOzjPfOi', NULL, NULL),
(541, 'JohnyJohn379', 'Johny', 'John', 'default.png', 1, '473johnjohnyslongfortesting@gmail.com', 1, '$2b$12$6wcGwxf0XgXoWtktbQx.zu5kvjvgI9Ac5NQ60ngvYcbhcE7c1r9om', NULL, NULL),
(542, 'JohnyJohn078', 'Johny', 'John', 'default.png', 1, '474johnjohnyslongfortesting@gmail.com', 1, '$2b$12$ZApqBx6u4U8.xU6on4RCnOEy1AiXTuxyfm6hQ5RbmFvI.91cWhnaq', NULL, NULL),
(543, 'JohnyJohn622', 'Johny', 'John', 'default.png', 1, '475johnjohnyslongfortesting@gmail.com', 1, '$2b$12$NTfW6lEOcrrea3H5lrNIm.LSCd6YFoDJEvqd4WH0xuAFOpJRKtYQy', NULL, NULL),
(544, 'JohnyJohn703', 'Johny', 'John', 'default.png', 1, '476johnjohnyslongfortesting@gmail.com', 1, '$2b$12$dh7RI3Y1mK3xLZlbCRJ24u5xpvzPmfSkEyrvNkW/wwL604WJIUmaG', NULL, NULL),
(545, 'JohnyJohn481', 'Johny', 'John', 'default.png', 1, '477johnjohnyslongfortesting@gmail.com', 1, '$2b$12$7luyc2zJySZJr2ovftH1jecFPgLFhl8W6eJpSe7NwjAsQE.LtEl5u', NULL, NULL),
(546, 'JohnyJohn668', 'Johny', 'John', 'default.png', 1, '478johnjohnyslongfortesting@gmail.com', 1, '$2b$12$J/0Ixg9b.Zo7LBrNDJ2HGe0GmuxdtzWRlLw/CQxD3Os4jpNrAg9tu', NULL, NULL),
(547, 'JohnyJohn512', 'Johny', 'John', 'default.png', 1, '479johnjohnyslongfortesting@gmail.com', 1, '$2b$12$G0Zy58smzMPmhQ/NfnbW5ObVCnFFRVs2nfxC6VT9ocYqgr1LqEMum', NULL, NULL),
(548, 'JohnyJohn754', 'Johny', 'John', 'default.png', 1, '480johnjohnyslongfortesting@gmail.com', 1, '$2b$12$GLApfm4gtPXSaA895c82cO9NF7DTabQOnGdavQ.pgBV1OnesXYRe6', NULL, NULL),
(549, 'JohnyJohn251', 'Johny', 'John', 'default.png', 1, '481johnjohnyslongfortesting@gmail.com', 1, '$2b$12$Xh7gPUi4jnq7Pupf3xsTUehX4DnrHULVOCpd3zpcHgxbXr3Sv5Chu', NULL, NULL),
(550, 'JohnyJohn444', 'Johny', 'John', 'default.png', 1, '482johnjohnyslongfortesting@gmail.com', 1, '$2b$12$OVbDj5qOWnZM8wOfbAIcgObWsz1X1EZxPYvErhz5K2NiwH0j2ulXG', NULL, NULL),
(551, 'JohnyJohn919', 'Johny', 'John', 'default.png', 1, '483johnjohnyslongfortesting@gmail.com', 1, '$2b$12$WDWoUmLQfPvQEdcH1YWjCODEKIeidTzU1uCRxBbFk6HUu8EtQD1c6', NULL, NULL),
(552, 'JohnyJohn215', 'Johny', 'John', 'default.png', 1, '484johnjohnyslongfortesting@gmail.com', 1, '$2b$12$6vTttWLzI1fvQaXJn7cvDu5KpwHhCgYU83m6B3fzHHbIINxShI43m', NULL, NULL),
(553, 'JohnyJohn638', 'Johny', 'John', 'default.png', 1, '485johnjohnyslongfortesting@gmail.com', 1, '$2b$12$.gqPtVC5ywkz0WkthvEueu9QgJKkijrPKf/q9AS6UmujhNZCzB/Ee', NULL, NULL),
(554, 'JohnyJohn913', 'Johny', 'John', 'default.png', 1, '486johnjohnyslongfortesting@gmail.com', 1, '$2b$12$B.JkIGAzlC326asLA/vnT.9EYbtIsdi5HFsDYl1G.dgyvC34JAF/u', NULL, NULL),
(555, 'JohnyJohn065', 'Johny', 'John', 'default.png', 1, '487johnjohnyslongfortesting@gmail.com', 1, '$2b$12$9u9uEQVWzozig3806ZU2KuhmtrhjWhRa3uQPHNY9BGJ0MUst7fOlW', NULL, NULL),
(556, 'JohnyJohn722', 'Johny', 'John', 'default.png', 1, '488johnjohnyslongfortesting@gmail.com', 1, '$2b$12$eiM5U.cyzozkFSyKFVtsoelkx/ssI3MEJmfYJvl0Bht9lbSgwctL2', NULL, NULL),
(557, 'JohnyJohn628', 'Johny', 'John', 'default.png', 1, '489johnjohnyslongfortesting@gmail.com', 1, '$2b$12$oe43VHyybRr9UynTBcT5A.K3MFUnXombTw0GPjvsjo2NuM3gpgxxu', NULL, NULL),
(558, 'JohnyJohn071', 'Johny', 'John', 'default.png', 1, '490johnjohnyslongfortesting@gmail.com', 1, '$2b$12$OyBLENz6Ldiw9amjz0YcbuYO.uh4yYMXD/L/1iAd7lPZmgYj.IRyi', NULL, NULL),
(559, 'JohnyJohn029', 'Johny', 'John', 'default.png', 1, '491johnjohnyslongfortesting@gmail.com', 1, '$2b$12$JUOpmwYr/eKGIUg0qoB27uRQ84UTgXowKFI1gLNqIpU5kBIN42gK6', NULL, NULL),
(560, 'JohnyJohn972', 'Johny', 'John', 'default.png', 1, '492johnjohnyslongfortesting@gmail.com', 1, '$2b$12$wHIpkJ5FVWfCaOIrSNjFmOEGwFJRs4F/uJlQFCF3Ld5EKIy5lNHPu', NULL, NULL),
(561, 'JohnyJohn022', 'Johny', 'John', 'default.png', 1, '493johnjohnyslongfortesting@gmail.com', 1, '$2b$12$e0A8b12ykbiq2cyfuDdqbOPnb1ULRqMg0o5boUuGc/6lygMwz/Xh6', NULL, NULL),
(562, 'JohnyJohn636', 'Johny', 'John', 'default.png', 1, '494johnjohnyslongfortesting@gmail.com', 1, '$2b$12$eQT9DCzH4W4ry5.1hT59YOyFZtoT/INIWx7fzYdDmuhjc1rIsnNBy', NULL, NULL),
(563, 'JohnyJohn466', 'Johny', 'John', 'default.png', 1, '495johnjohnyslongfortesting@gmail.com', 1, '$2b$12$rztsYN8s9q7AS74nLyO5XednoJm29xr6XA.PHq5Sqd.YTAHvmaJ3.', NULL, NULL),
(564, 'JohnyJohn117', 'Johny', 'John', 'default.png', 1, '496johnjohnyslongfortesting@gmail.com', 1, '$2b$12$c5aXgEknmpccD6L/4Kw4kOcET4fP312aEFABqOa8GEYP4wHw0jrWi', NULL, NULL),
(565, 'JohnyJohn989', 'Johny', 'John', 'default.png', 1, '497johnjohnyslongfortesting@gmail.com', 1, '$2b$12$P.KpZ0lQ.D09WPlsg9Fd9.D1vIltn0H1m2DHXHRcHM06Yt4IFADru', NULL, NULL),
(566, 'JohnyJohn755', 'Johny', 'John', 'default.png', 1, '498johnjohnyslongfortesting@gmail.com', 1, '$2b$12$lzB2HgqdCZ7v6GiyJFGBOeiNAn/U/SPGXF6BPdrHj5sLhuBO9VeXK', NULL, NULL),
(567, 'JohnyJohn162', 'Johny', 'John', 'default.png', 1, '499johnjohnyslongfortesting@gmail.com', 1, '$2b$12$VY.q28LnUXwG0ACRWP0rXOZeJUnZIMUVMqXDWCLwPokLDnycyreMy', NULL, NULL),
(568, 'JohnyJohn953', 'Johny', 'John', 'default.png', 1, '500johnjohnyslongfortesting@gmail.com', 1, '$2b$12$y/yMHGABLmA11JiamL2H4OaZy1GxHvNQxkeTh4Vt7xHMV5ivB4/y6', NULL, NULL),
(569, 'JohnyJohn827', 'Johny', 'John', 'default.png', 1, '501johnjohnyslongfortesting@gmail.com', 1, '$2b$12$PrrmibigGTablMlzetUIQeSE1HoGCOnZdPK3BcI3QHgYYgEIMXMJm', NULL, NULL),
(570, 'JohnyJohn879', 'Johny', 'John', 'default.png', 1, '502johnjohnyslongfortesting@gmail.com', 1, '$2b$12$UuXTsIj413.qz7AkJPa1Z.m3G6Wkck8T0T.Dwbmx6z.G2i1pVDWZ.', NULL, NULL),
(571, 'JohnyJohn543', 'Johny', 'John', 'default.png', 1, '503johnjohnyslongfortesting@gmail.com', 1, '$2b$12$o5bWQO9sJhwSgYMHfKBfJOFZIGyg7OeGXOePBpncxy8VtzmMa35SO', NULL, NULL),
(572, 'JohnyJohn475', 'Johny', 'John', 'default.png', 1, '504johnjohnyslongfortesting@gmail.com', 1, '$2b$12$8e8wzjI16vDyHF8zdd2P0OdpgBRL4kMWW90Cw1tbyb/NEdGnCVwTu', NULL, NULL),
(573, 'JohnyJohn732', 'Johny', 'John', 'default.png', 1, '505johnjohnyslongfortesting@gmail.com', 1, '$2b$12$cY.Q5fIoiFRStUr4IUlJnOiybWBoPBFhYeA8XGTgS9I82/prma93S', NULL, NULL),
(574, 'JohnyJohn825', 'Johny', 'John', 'default.png', 1, '506johnjohnyslongfortesting@gmail.com', 1, '$2b$12$s7.a7P8.WCfSkhC1GyiQs.6R2x/2oZ.aYjgjw891tOR8VWcbbiHta', NULL, NULL),
(575, 'JohnyJohn695', 'Johny', 'John', 'default.png', 1, '507johnjohnyslongfortesting@gmail.com', 1, '$2b$12$aeLRdlptsHaw0oEX.SLCuOK4RBSWw/XqstKRBzBI1Mk5ZwIIk/Bzy', NULL, NULL),
(576, 'JohnyJohn698', 'Johny', 'John', 'default.png', 1, '508johnjohnyslongfortesting@gmail.com', 1, '$2b$12$uUgG5w26ctQZ/KNjLfnPbO..MHsXktb7Lhtax4jWG5KUQlf1PYwaS', NULL, NULL),
(577, 'JohnyJohn109', 'Johny', 'John', 'default.png', 1, '509johnjohnyslongfortesting@gmail.com', 1, '$2b$12$8lTbBxoTO3ELeazOZwBZpuRJ6OtjOtaqr1mXmU4LdbmFGAK6PJvP.', NULL, NULL),
(578, 'JohnyJohn167', 'Johny', 'John', 'default.png', 1, '510johnjohnyslongfortesting@gmail.com', 1, '$2b$12$0SbqHtn28PwAkIZg9W/rJOpV6Cf6ySo0f7mLr0mfMYwL29LszIEqS', NULL, NULL),
(579, 'JohnyJohn823', 'Johny', 'John', 'default.png', 1, '511johnjohnyslongfortesting@gmail.com', 1, '$2b$12$K3Fykh4VrsaqlyemS7JLauHGsS5TW7NkIuWK.4jDKuLbIFDx/MU7W', NULL, NULL),
(580, 'JohnyJohn408', 'Johny', 'John', 'default.png', 1, '512johnjohnyslongfortesting@gmail.com', 1, '$2b$12$NWLCEVM5Bu2nVMRNv1ysVu6OUdyMzXrgxJeFD/crp2HRKoxvov/1.', NULL, NULL),
(581, 'JohnyJohn729', 'Johny', 'John', 'default.png', 1, '513johnjohnyslongfortesting@gmail.com', 1, '$2b$12$zNviLEunwDvblDYDImAoY.9cZdy6hqVJaJjrVid.i3vqbhD/5AanS', NULL, NULL),
(582, 'JohnyJohn620', 'Johny', 'John', 'default.png', 1, '514johnjohnyslongfortesting@gmail.com', 1, '$2b$12$ma4QZa/AzI6PbDCwNqdrteq3jHdINqLlTPAe7YorPm3gldu50SeM2', NULL, NULL),
(583, 'JohnyJohn453', 'Johny', 'John', 'default.png', 1, '515johnjohnyslongfortesting@gmail.com', 1, '$2b$12$xMzFy/GRoI9i8siy/R0jsew4zsEO3PqQd/hvLicQhHv8TWVHINgle', NULL, NULL),
(584, 'JohnyJohn957', 'Johny', 'John', 'default.png', 1, '516johnjohnyslongfortesting@gmail.com', 1, '$2b$12$ALvU5kchGL3CYYG7KrEA0OqJpYvy9IMBvfTPSbac.9quIzOsWlbKa', NULL, NULL);
INSERT INTO `users` (`user_id`, `username`, `first_name`, `last_name`, `picture`, `avatar_id`, `email`, `school_id`, `ssb`, `last_login`, `role`) VALUES
(585, 'JohnyJohn427', 'Johny', 'John', 'default.png', 1, '517johnjohnyslongfortesting@gmail.com', 1, '$2b$12$AUs/.RTbMEvGEBL/97h4h.BqB88dJThL.1Xl1pOClz.3ooSEEOAn.', NULL, NULL),
(586, 'JohnyJohn278', 'Johny', 'John', 'default.png', 1, '518johnjohnyslongfortesting@gmail.com', 1, '$2b$12$NdKp57WB1sx1iHtwyt/Hbu5JHMFFdcVTW4ACTp0Q8Q9tAxgME/OFe', NULL, NULL),
(587, 'JohnyJohn931', 'Johny', 'John', 'default.png', 1, '519johnjohnyslongfortesting@gmail.com', 1, '$2b$12$pZALtyv34KFTjokuS8o4n.Xlj9nkgfabu5BfpmOYPUFFa/QMM9wS2', NULL, NULL),
(588, 'JohnyJohn583', 'Johny', 'John', 'default.png', 1, '520johnjohnyslongfortesting@gmail.com', 1, '$2b$12$fZ4gmEePxPfU426Qmz68ce46Vy9smdcB6AnUgXuhC26cc9lKMdHhW', NULL, NULL),
(589, 'JohnyJohn757', 'Johny', 'John', 'default.png', 1, '521johnjohnyslongfortesting@gmail.com', 1, '$2b$12$DnE7IsS6UH5WN5Ab9zoKReDRoj.GoNcVrnyOTr5KDCCaNtNZGQlle', NULL, NULL),
(590, 'JohnyJohn697', 'Johny', 'John', 'default.png', 1, '522johnjohnyslongfortesting@gmail.com', 1, '$2b$12$ooOQEQGjfL3st/H1meV9/e9YKCPcCgqGoEBzREXuMD/3gp4KAGN3m', NULL, NULL),
(591, 'JohnyJohn589', 'Johny', 'John', 'default.png', 1, '523johnjohnyslongfortesting@gmail.com', 1, '$2b$12$UeH34YM2R9Eq9g7P2ChQnu7uSqrZtERBXiWpWycmwYB6.kKtkLXUq', NULL, NULL),
(592, 'JohnyJohn505', 'Johny', 'John', 'default.png', 1, '524johnjohnyslongfortesting@gmail.com', 1, '$2b$12$3Ww96ykH9F6hvRlZaWHdtOHprdpH6NDRP2DEtJ5qcM8atnH/4Xuse', NULL, NULL),
(593, 'JohnyJohn758', 'Johny', 'John', 'default.png', 1, '525johnjohnyslongfortesting@gmail.com', 1, '$2b$12$xZYbcJoywpT7E12IFgf45.ijXl8L9DzvLw4Uu7gNc5kK.Rt3OmoMe', NULL, NULL),
(594, 'JohnyJohn223', 'Johny', 'John', 'default.png', 1, '526johnjohnyslongfortesting@gmail.com', 1, '$2b$12$VQkPN3VPvwnBU0G6tzkqEO2rv0E25UD53HpwFrP5m11PRtTVZt.4q', NULL, NULL),
(595, 'JohnyJohn917', 'Johny', 'John', 'default.png', 1, '527johnjohnyslongfortesting@gmail.com', 1, '$2b$12$UIhoB/3iPEQzapmEtI2oMeKoK1QC1TEA7qaBmJaFPVX3wZt19oila', NULL, NULL),
(596, 'JohnyJohn386', 'Johny', 'John', 'default.png', 1, '528johnjohnyslongfortesting@gmail.com', 1, '$2b$12$MQkmACxAL7aqrGZNnFyYHuOVX7Td.7ze0kY8s0Zy5clFH3mXL0AlO', NULL, NULL),
(597, 'JohnyJohn377', 'Johny', 'John', 'default.png', 1, '529johnjohnyslongfortesting@gmail.com', 1, '$2b$12$V/tw8cebLQ9ey3sn.QphXuqKVboSHkqauYxzMyjRIe8eiTodilR/O', NULL, NULL),
(598, 'JohnyJohn482', 'Johny', 'John', 'default.png', 1, '530johnjohnyslongfortesting@gmail.com', 1, '$2b$12$55VUcjPXsxREB8Z2y.I72upxhGK7pgdw1sqRHZB9P4m9A8f.c7trC', NULL, NULL),
(599, 'JohnyJohn613', 'Johny', 'John', 'default.png', 1, '531johnjohnyslongfortesting@gmail.com', 1, '$2b$12$nNi/h8.2dK1MMku5yeUUSuibdeBSruwsbvb6cxFP/ktUpOSa/KFAm', NULL, NULL),
(600, 'JohnyJohn094', 'Johny', 'John', 'default.png', 1, '532johnjohnyslongfortesting@gmail.com', 1, '$2b$12$UbuRFPuHlUspM1.NBl.umO03CkgFioz6Uvb9AXB8NSE07QQ/XlyeS', NULL, NULL),
(601, 'JohnyJohn183', 'Johny', 'John', 'default.png', 1, '533johnjohnyslongfortesting@gmail.com', 1, '$2b$12$6iks7Uf7rBXjdmNKOxw1hu0LpOI1uFfcFSA6eZcAjeWSkjGYyJT9C', NULL, NULL),
(602, 'JohnyJohn979', 'Johny', 'John', 'default.png', 1, '534johnjohnyslongfortesting@gmail.com', 1, '$2b$12$IJDs5F38KDx1AIAR3wzy/uFiRuTuddDv4BzcVOTUu8nQRs7jyCAS6', NULL, NULL),
(603, 'JohnyJohn769', 'Johny', 'John', 'default.png', 1, '535johnjohnyslongfortesting@gmail.com', 1, '$2b$12$CPs1TyF7VgDGjtloieA2geoHtqZoAcXgpRfsS3Tf57wMnliGU5Cfe', NULL, NULL),
(604, 'JohnyJohn052', 'Johny', 'John', 'default.png', 1, '536johnjohnyslongfortesting@gmail.com', 1, '$2b$12$4EWiSTLFuBeMDqUqEKSS5eLVkhsd7hlck.zjFSX/q7RXcfm3f9Equ', NULL, NULL),
(605, 'JohnyJohn399', 'Johny', 'John', 'default.png', 1, '537johnjohnyslongfortesting@gmail.com', 1, '$2b$12$TGMJ/GBXLH2Luurb8GV9oe2QRJVk83eMsvqfc865emGpwbCbulOAq', NULL, NULL),
(606, 'JohnyJohn361', 'Johny', 'John', 'default.png', 1, '538johnjohnyslongfortesting@gmail.com', 1, '$2b$12$MV.Wq9I7q6pUQ7jRQa/9L.yErmGqoM8V.t3ZP8FlbPwW.5X2ssj2q', NULL, NULL),
(607, 'JohnyJohn655', 'Johny', 'John', 'default.png', 1, '539johnjohnyslongfortesting@gmail.com', 1, '$2b$12$mlK8Mshq14H6pExor3R9AOXpeWwlSvFjA.gntawqWGHGqHIVIuAMG', NULL, NULL),
(608, 'JohnyJohn964', 'Johny', 'John', 'default.png', 1, '540johnjohnyslongfortesting@gmail.com', 1, '$2b$12$vBO2iJebQe4m48wL3CygX.WiKX/.zFoFDdGIemSDFA.lL8fDGQwAe', NULL, NULL),
(609, 'JohnyJohn775', 'Johny', 'John', 'default.png', 1, '541johnjohnyslongfortesting@gmail.com', 1, '$2b$12$Fuzn/MH31l3ur3AO3AA6kOUTFDctr7rTbznp7xnNzRqr2MDmlO.ve', NULL, NULL),
(610, 'JohnyJohn388', 'Johny', 'John', 'default.png', 1, '542johnjohnyslongfortesting@gmail.com', 1, '$2b$12$11sesUVMaQLIrk1JjtFMZORIyM22Z3Lw0XwwMqPaZsFlRY67foZyq', NULL, NULL),
(611, 'JohnyJohn856', 'Johny', 'John', 'default.png', 1, '543johnjohnyslongfortesting@gmail.com', 1, '$2b$12$uQS6r5sMNa0KFcXoeS4OMunYxWp0BQaPHLHfDsoIUuaDcYN0Kjlji', NULL, NULL),
(612, 'JohnyJohn285', 'Johny', 'John', 'default.png', 1, '544johnjohnyslongfortesting@gmail.com', 1, '$2b$12$qBGxvnpfvGB0InbtshzsV.UlLqbLjiWyGkuBEMCbVSJYYW8I2QRMy', NULL, NULL),
(613, 'JohnyJohn343', 'Johny', 'John', 'default.png', 1, '545johnjohnyslongfortesting@gmail.com', 1, '$2b$12$obquDJp19/Gptzgmy02kzuzqF1ZXqsN1i92GfPWoUm02W5IPbTY7S', NULL, NULL),
(614, 'JohnyJohn136', 'Johny', 'John', 'default.png', 1, '546johnjohnyslongfortesting@gmail.com', 1, '$2b$12$pNUX3y5ZL7YcfPkClxFKt.xW4dc9M.eubqDaCK1V7ocfyRFaWDVpK', NULL, NULL),
(615, 'JohnyJohn130', 'Johny', 'John', 'default.png', 1, '547johnjohnyslongfortesting@gmail.com', 1, '$2b$12$YY.D42hFZUH.w2xi9BZL9eyAytUochL68XVZ/ITph74reiYQvvsvu', NULL, NULL),
(616, 'JohnyJohn891', 'Johny', 'John', 'default.png', 1, '548johnjohnyslongfortesting@gmail.com', 1, '$2b$12$HxP8Dg7e2C2I88F4HweJm.jSjHUlaJ92i8pPUYncc43Id1FbUfzfy', NULL, NULL),
(617, 'JohnyJohn205', 'Johny', 'John', 'default.png', 1, '549johnjohnyslongfortesting@gmail.com', 1, '$2b$12$YT0CrQuKO5KryF3aUxth8eVFbCx973OC8Fso3iUSW3Hixuv2lu8NO', NULL, NULL),
(618, 'JohnyJohn723', 'Johny', 'John', 'default.png', 1, '550johnjohnyslongfortesting@gmail.com', 1, '$2b$12$srVmWP61SrxBWGFQqbM0veEcWSo8GjPU9sGLRKdU1sRVOpp1HDQ8m', NULL, NULL),
(619, 'JohnyJohn099', 'Johny', 'John', 'default.png', 1, '551johnjohnyslongfortesting@gmail.com', 1, '$2b$12$OulYmT0gEzea0hrmycKInutWIuqruv35YCxFmDkknEJoNicaIRzti', NULL, NULL),
(620, 'JohnyJohn146', 'Johny', 'John', 'default.png', 1, '552johnjohnyslongfortesting@gmail.com', 1, '$2b$12$cP9TJO3vXGmmp/CHJmZtI.zlzreaOXv1kmP8hxPR5upQobFJjFOd6', NULL, NULL),
(621, 'JohnyJohn967', 'Johny', 'John', 'default.png', 1, '553johnjohnyslongfortesting@gmail.com', 1, '$2b$12$Yc0Bs9a1tYThrll8i/GaCePPaK9WmyrFiXdZ45VDcSA7WOWJQZ6Xi', NULL, NULL),
(622, 'JohnyJohn761', 'Johny', 'John', 'default.png', 1, '554johnjohnyslongfortesting@gmail.com', 1, '$2b$12$aTq6LPp5RyROgOvh1PBiu.bO0qWq.brzt.1RKNV3UfDvlP2IMz/0G', NULL, NULL),
(623, 'JohnyJohn743', 'Johny', 'John', 'default.png', 1, '555johnjohnyslongfortesting@gmail.com', 1, '$2b$12$HESeUfT6qAWIVAFW4tNT6er2DuF9m15hXS/tAcksw2Rb2OeglLAXG', NULL, NULL),
(624, 'JohnyJohn087', 'Johny', 'John', 'default.png', 1, '556johnjohnyslongfortesting@gmail.com', 1, '$2b$12$VuPIO3dVPIPzfVDmjhWCfep35mJ5bLhgkBa4ZKj9Ubm3e.vofaxMS', NULL, NULL),
(625, 'JohnyJohn667', 'Johny', 'John', 'default.png', 1, '557johnjohnyslongfortesting@gmail.com', 1, '$2b$12$enQtXdX62IPGfG47NVe6t..SNFM.y1TU8jgKZ96u10uoyLd4IYM/i', NULL, NULL),
(626, 'JohnyJohn814', 'Johny', 'John', 'default.png', 1, '558johnjohnyslongfortesting@gmail.com', 1, '$2b$12$jjWEmye7JW6qmAnA7pjQiu4nA.dMA9DEeq9J7sFDQhJdXOPPEB73y', NULL, NULL),
(627, 'JohnyJohn238', 'Johny', 'John', 'default.png', 1, '559johnjohnyslongfortesting@gmail.com', 1, '$2b$12$JwOHEAvSVyc44j5jcKAPCe8PXe19DY/HHIyBcCIs41oc9D8gWHksW', NULL, NULL),
(628, 'JohnyJohn086', 'Johny', 'John', 'default.png', 1, '560johnjohnyslongfortesting@gmail.com', 1, '$2b$12$RGRcTtTG06/GV6gA.QTyVuZxm4t2P2BbbXPKJLJ09Q1fJuNMITxc2', NULL, NULL),
(629, 'JohnyJohn118', 'Johny', 'John', 'default.png', 1, '561johnjohnyslongfortesting@gmail.com', 1, '$2b$12$I.HgFz6Ei3l9OjzaZMWOo.Y0kKniqHB6BxXo4D3q2nZqstbm.7a9a', NULL, NULL),
(630, 'JohnyJohn057', 'Johny', 'John', 'default.png', 1, '562johnjohnyslongfortesting@gmail.com', 1, '$2b$12$7eR2iaJpaVeLa1dE4YP7POVpGN2ZKHoy5sJFiZF0bTsJQAvE6w2OG', NULL, NULL),
(631, 'JohnyJohn541', 'Johny', 'John', 'default.png', 1, '563johnjohnyslongfortesting@gmail.com', 1, '$2b$12$JImeruGdYa1VcdRbfMPT7.qNJ1.s7F5PshaVGDpw5YdlNG38clfs2', NULL, NULL),
(632, 'JohnyJohn154', 'Johny', 'John', 'default.png', 1, '564johnjohnyslongfortesting@gmail.com', 1, '$2b$12$jN.B3U9XWsTT9c8xk3WZvOmfCXMvusgMsFBmASXeZWsdPfNTjk3Vq', NULL, NULL),
(633, 'JohnyJohn633', 'Johny', 'John', 'default.png', 1, '565johnjohnyslongfortesting@gmail.com', 1, '$2b$12$pa.mE08c81lIMZOdHgQLf..vEueVnZiJqd8VMwV9Ayamr6C2YNp1O', NULL, NULL),
(634, 'JohnyJohn309', 'Johny', 'John', 'default.png', 1, '566johnjohnyslongfortesting@gmail.com', 1, '$2b$12$uuD7DdvdiEzQldfvZM.llOE6uj56bdnxykScsGzlZdxe4ZkmwSA8O', NULL, NULL),
(635, 'JohnyJohn997', 'Johny', 'John', 'default.png', 1, '567johnjohnyslongfortesting@gmail.com', 1, '$2b$12$xyN.dyayWPF/7vE8Ljm8GuU/1uQzGkdtZuwr3kX2wkdt3GmQn5yUy', NULL, NULL),
(636, 'JohnyJohn535', 'Johny', 'John', 'default.png', 1, '568johnjohnyslongfortesting@gmail.com', 1, '$2b$12$OdUXm2AD1KveBbFUewwmQ.88zf2AnPz4EqEP16fljaLCwvJa5t58u', NULL, NULL),
(637, 'JohnyJohn924', 'Johny', 'John', 'default.png', 1, '569johnjohnyslongfortesting@gmail.com', 1, '$2b$12$XCIifxtgHxXsS7WfomJGPe29Q0Twtw55IwYIeQdrXgIKWxeTT32Si', NULL, NULL),
(638, 'JohnyJohn591', 'Johny', 'John', 'default.png', 1, '570johnjohnyslongfortesting@gmail.com', 1, '$2b$12$ssApJ7t8WGFHSnMV5RLfYuRAbws7mhW3i059WaZNBX4VP4Ft/EHY.', NULL, NULL),
(639, 'JohnyJohn186', 'Johny', 'John', 'default.png', 1, '571johnjohnyslongfortesting@gmail.com', 1, '$2b$12$CQPGBNwohkGvGD8MSpldLuX6d05plo2tgxkSXwE8YKNLDd7uWNRBe', NULL, NULL),
(640, 'JohnyJohn896', 'Johny', 'John', 'default.png', 1, '572johnjohnyslongfortesting@gmail.com', 1, '$2b$12$CQbf/pHHVCw0aIBkybZ8H.DV9G4qE89WzcPo6ILRMcnFVr2UN5E8m', NULL, NULL),
(641, 'JohnyJohn255', 'Johny', 'John', 'default.png', 1, '573johnjohnyslongfortesting@gmail.com', 1, '$2b$12$//Q7VWPCyeBQMWZZ585nDe1IAzQ61x0oDk8T5fBj777ljjsav3GTO', NULL, NULL),
(642, 'JohnyJohn412', 'Johny', 'John', 'default.png', 1, '574johnjohnyslongfortesting@gmail.com', 1, '$2b$12$8Z/gWetPgvsOVFrWd4OT7ulGboKE/3I9qA8SB80NudwxhFeEnSGfC', NULL, NULL),
(643, 'JohnyJohn368', 'Johny', 'John', 'default.png', 1, '575johnjohnyslongfortesting@gmail.com', 1, '$2b$12$s/TlYxZSiCeOn2Q1KrAHrOZrLBTD.3fiRiN1VQXDF4zXn9.oF2SfG', NULL, NULL),
(644, 'JohnyJohn394', 'Johny', 'John', 'default.png', 1, '576johnjohnyslongfortesting@gmail.com', 1, '$2b$12$CdpJ1pToJwyOPA4xewEEtuJfrZBhVK0jqQKljBM/CBEeWDwEYGduS', NULL, NULL),
(645, 'JohnyJohn233', 'Johny', 'John', 'default.png', 1, '577johnjohnyslongfortesting@gmail.com', 1, '$2b$12$Vw2tI.hQT9L9napJ.cXgI.bPw9XOsQlrrv66HYhW8Ygrt4o9PW/BW', NULL, NULL),
(646, 'JohnyJohn201', 'Johny', 'John', 'default.png', 1, '578johnjohnyslongfortesting@gmail.com', 1, '$2b$12$doBzdgLx.1Xi3VWLlIeV3O.PC4a1uoXFR55XRvp5u9c72njruWcGK', NULL, NULL),
(647, 'JohnyJohn096', 'Johny', 'John', 'default.png', 1, '579johnjohnyslongfortesting@gmail.com', 1, '$2b$12$7d.JnsjJKnmkDY6obPGLR.snvteyPkfx6YMekLXX/PjdNR6Ueb9UC', NULL, NULL),
(648, 'JohnyJohn684', 'Johny', 'John', 'default.png', 1, '580johnjohnyslongfortesting@gmail.com', 1, '$2b$12$aqaXE0MELRIGCArXOTtyz.hb734FGYMiJTftIugwqurV5IPV4QB9y', NULL, NULL),
(649, 'JohnyJohn487', 'Johny', 'John', 'default.png', 1, '581johnjohnyslongfortesting@gmail.com', 1, '$2b$12$agAJggbYcgGtpdzVWoeZVeQrhuK7Fo7CWfMZTG3fCV/yhT2uEpnsS', NULL, NULL),
(650, 'JohnyJohn047', 'Johny', 'John', 'default.png', 1, '582johnjohnyslongfortesting@gmail.com', 1, '$2b$12$x/dAoA0h32/M2/x8T/iANupcQ/keldLG465ciOjvvvPfK/CTKO3HW', NULL, NULL),
(651, 'JohnyJohn935', 'Johny', 'John', 'default.png', 1, '583johnjohnyslongfortesting@gmail.com', 1, '$2b$12$C62ror.CfI/Ob50NzUk89eq77eiCv51Uh6qBM4cegIlI0mta/n26i', NULL, NULL),
(652, 'JohnyJohn506', 'Johny', 'John', 'default.png', 1, '584johnjohnyslongfortesting@gmail.com', 1, '$2b$12$1zPX5S35QW1yFOdYDwbZvOHbDmR3df1MfkqFZu86fnr9aS.SZoVxm', NULL, NULL),
(653, 'JohnyJohn712', 'Johny', 'John', 'default.png', 1, '585johnjohnyslongfortesting@gmail.com', 1, '$2b$12$pnwwXEGy770Y9Y6EwHBr9.pxUe7o7puv5HVpzaBlhjbWi8mMj2aXC', NULL, NULL),
(654, 'JohnyJohn224', 'Johny', 'John', 'default.png', 1, '586johnjohnyslongfortesting@gmail.com', 1, '$2b$12$arluiYwyh/vZb3ZI.Le72u7aVg.t/fDeOTDyiKkQDH0GPMaUzXL5W', NULL, NULL),
(655, 'JohnyJohn671', 'Johny', 'John', 'default.png', 1, '587johnjohnyslongfortesting@gmail.com', 1, '$2b$12$glwB4v0igHIqL1ZyFvPGd..Ckrl62GO1TjsqtnoGxbxHaqax81FIq', NULL, NULL),
(656, 'JohnyJohn413', 'Johny', 'John', 'default.png', 1, '588johnjohnyslongfortesting@gmail.com', 1, '$2b$12$.id7UUbUDCfVb..gILG3huWhOjgUFey6.XFlxOriQK5ysT3EYsJSW', NULL, NULL),
(657, 'JohnyJohn514', 'Johny', 'John', 'default.png', 1, '589johnjohnyslongfortesting@gmail.com', 1, '$2b$12$2NXIqg5zgnTMs2t/yG6BD.0rJplzTPzAkBvv8J.n61GcbHnuEyEam', NULL, NULL),
(658, 'JohnyJohn706', 'Johny', 'John', 'default.png', 1, '590johnjohnyslongfortesting@gmail.com', 1, '$2b$12$VqGkJ4H7Ewcbp0d9yl4i.OsY1p.3NF1Qncgxcpg70JnIFwuNAzJw.', NULL, NULL),
(659, 'JohnyJohn666', 'Johny', 'John', 'default.png', 1, '591johnjohnyslongfortesting@gmail.com', 1, '$2b$12$sIZWLS9dO4rhctjlp6mN/OvS5nuMrK9th1sDQSqlEIiMmTwXYYQ0y', NULL, NULL),
(660, 'JohnyJohn287', 'Johny', 'John', 'default.png', 1, '592johnjohnyslongfortesting@gmail.com', 1, '$2b$12$1yxVavNyu.0zWdFmAbND2eCSVfiXWYMfxp5rKCtbObliXftYRFC6G', NULL, NULL),
(661, 'JohnyJohn982', 'Johny', 'John', 'default.png', 1, '593johnjohnyslongfortesting@gmail.com', 1, '$2b$12$WloYqY6OPgMjg21QERwiM.OAvYOMGlnbR.uPf8027V6Iw0U2WSxda', NULL, NULL),
(662, 'JohnyJohn768', 'Johny', 'John', 'default.png', 1, '594johnjohnyslongfortesting@gmail.com', 1, '$2b$12$q7.OxU3z9ivS7ew6knQ1AO27hY2XJJOuXGfL0Q2f65.FO6mQAqIYG', NULL, NULL),
(663, 'JohnyJohn812', 'Johny', 'John', 'default.png', 1, '595johnjohnyslongfortesting@gmail.com', 1, '$2b$12$aXDmSq09bUnO5TRrhJQ9c.3nR66M.dnuMgEH1sJ0bt18zz4nYiZsK', NULL, NULL),
(664, 'JohnyJohn528', 'Johny', 'John', 'default.png', 1, '596johnjohnyslongfortesting@gmail.com', 1, '$2b$12$oJZHydF6cQQSs6b.ukYGAuVbwkleXmlESK4AKcQlxK9ZGbZ91yKK6', NULL, NULL),
(665, 'JohnyJohn476', 'Johny', 'John', 'default.png', 1, '597johnjohnyslongfortesting@gmail.com', 1, '$2b$12$MYgIUXX2DzqmzbADgZ6Fqua/ZvNUUCmda.dpP6vGmlP5tRVgn.wYC', NULL, NULL),
(666, 'JohnyJohn405', 'Johny', 'John', 'default.png', 1, '598johnjohnyslongfortesting@gmail.com', 1, '$2b$12$WD2AkqMnE6gsit3WwB2OFeTLcu.JiBYddUcbATeBuYt8rO58CZXGa', NULL, NULL),
(667, 'JohnyJohn040', 'Johny', 'John', 'default.png', 1, '599johnjohnyslongfortesting@gmail.com', 1, '$2b$12$YnzGLxYNPRfMQaRhUIK.j.VlgFU4DdzQO2QYmTEXP6mRmrV.hAHdu', NULL, NULL),
(668, 'JohnyJohn536', 'Johny', 'John', 'default.png', 1, '600johnjohnyslongfortesting@gmail.com', 1, '$2b$12$p9PHfVFmVlR/ifMrIqNDMurqGgKdHoJaBaJc5KVTb4ZQDis.PZyse', NULL, NULL),
(669, 'JohnyJohn925', 'Johny', 'John', 'default.png', 1, '601johnjohnyslongfortesting@gmail.com', 1, '$2b$12$3D2HgT.9hcVzoQoD8oE.ju0fxJxdzG7HoqRvei/Yt.eiCjxLh5Yre', NULL, NULL),
(670, 'JohnyJohn374', 'Johny', 'John', 'default.png', 1, '602johnjohnyslongfortesting@gmail.com', 1, '$2b$12$RCJyeWD1J/xEi3vMCaRkAuWK8HGBtzk9kjv2FpILGCMDPsxm0FiiW', NULL, NULL),
(671, 'JohnyJohn878', 'Johny', 'John', 'default.png', 1, '603johnjohnyslongfortesting@gmail.com', 1, '$2b$12$CGcLJIAjNw4US.dOzZAC/OMW6iuh.vxxvv3LfOXY9qZbJyXzzRDui', NULL, NULL),
(672, 'JohnyJohn436', 'Johny', 'John', 'default.png', 1, '604johnjohnyslongfortesting@gmail.com', 1, '$2b$12$AHHIrzbGj6hAfJFbvFoyWO1EK8.RZJ4ApsIaRaBgxVG49f0BBbsgW', NULL, NULL),
(673, 'JohnyJohn962', 'Johny', 'John', 'default.png', 1, '605johnjohnyslongfortesting@gmail.com', 1, '$2b$12$cEggzlGD49rzcr.AMeNLCOThdqskA523VcbHyzchMBcmipVGPwNMW', NULL, NULL),
(674, 'JohnyJohn235', 'Johny', 'John', 'default.png', 1, '606johnjohnyslongfortesting@gmail.com', 1, '$2b$12$HsQUvlrlL178GCBb.7r/kutp8iTck5DQncubRJKEzvUdGP0oOfFP2', NULL, NULL),
(675, 'JohnyJohn347', 'Johny', 'John', 'default.png', 1, '607johnjohnyslongfortesting@gmail.com', 1, '$2b$12$LCn8k12x0QcvQOkE.QYBb.ViwerVqCHvi.awZQdlKamOzNPAu7jZ2', NULL, NULL),
(676, 'JohnyJohn137', 'Johny', 'John', 'default.png', 1, '608johnjohnyslongfortesting@gmail.com', 1, '$2b$12$l0ruspscBpJ8y2zX24vZsOBrxQ0Ki3.ymHnB5vdQu8.S74UFTqfvS', NULL, NULL),
(677, 'JohnyJohn483', 'Johny', 'John', 'default.png', 1, '609johnjohnyslongfortesting@gmail.com', 1, '$2b$12$5pOnxwdYMP9Fx7NADnV9H.d9OJRU0UIfAGoIZ8qiTzFR2cHhroZWy', NULL, NULL),
(678, 'JohnyJohn811', 'Johny', 'John', 'default.png', 1, '610johnjohnyslongfortesting@gmail.com', 1, '$2b$12$l5f/UElanzaXuGPp1ZbPzeKRZcsl4VyNctZU1Za7kBBXk9nluVosW', NULL, NULL),
(679, 'JohnyJohn316', 'Johny', 'John', 'default.png', 1, '611johnjohnyslongfortesting@gmail.com', 1, '$2b$12$dNvHVWoOlsL/vwT2UUcJluxSvPlAbtpRDnQux3WcPOxftJhMczOcG', NULL, NULL),
(680, 'JohnyJohn418', 'Johny', 'John', 'default.png', 1, '612johnjohnyslongfortesting@gmail.com', 1, '$2b$12$bWkrTK1lCyusETHc9YGGCOsRuHU4JEDo7AeQyW7ksuOVHg4NUoA2S', NULL, NULL),
(681, 'JohnyJohn558', 'Johny', 'John', 'default.png', 1, '613johnjohnyslongfortesting@gmail.com', 1, '$2b$12$aoExkI0tQJyvK8EzNfV0y.kGRY06RemtsTx9rgxBKmXm4TR14plh2', NULL, NULL),
(682, 'JohnyJohn759', 'Johny', 'John', 'default.png', 1, '614johnjohnyslongfortesting@gmail.com', 1, '$2b$12$XPHVg91oZQOw1xh9M5KuUO7se2ZOL9fhlhjFWdiJcDKq8hL0uoCy2', NULL, NULL),
(683, 'JohnyJohn650', 'Johny', 'John', 'default.png', 1, '615johnjohnyslongfortesting@gmail.com', 1, '$2b$12$fg/6ht5RR1Fhg0MHiBh6/uL02T1UmkmVQNICv1k7TFQxFVCseu/1G', NULL, NULL),
(684, 'JohnyJohn058', 'Johny', 'John', 'default.png', 1, '616johnjohnyslongfortesting@gmail.com', 1, '$2b$12$cIZBIUX50QrgO0bAakrZZ.HJOAYqLK8ra8iVra.EfVl2M6awuiR.6', NULL, NULL),
(685, 'JohnyJohn965', 'Johny', 'John', 'default.png', 1, '617johnjohnyslongfortesting@gmail.com', 1, '$2b$12$nw0.hgb8ZRBbmCr1RDB5b.nnAllAcHoTDW4/nnAh.kluBbyDLQjSe', NULL, NULL),
(686, 'JohnyJohn230', 'Johny', 'John', 'default.png', 1, '618johnjohnyslongfortesting@gmail.com', 1, '$2b$12$WeBgiBLIPgoimsTc7I/KtOkTnNB7plzuNd18BJICjqHmBsx8qWlza', NULL, NULL),
(687, 'JohnyJohn355', 'Johny', 'John', 'default.png', 1, '619johnjohnyslongfortesting@gmail.com', 1, '$2b$12$UkLqXqtabSJFtOtfIWleKefo04CmEw9exhP.l79PRt1s2tz3rMbeK', NULL, NULL),
(688, 'JohnyJohn745', 'Johny', 'John', 'default.png', 1, '620johnjohnyslongfortesting@gmail.com', 1, '$2b$12$NYkVPhLhKXbXmE6QFonaHen4itQJD1RKLe4DOXyzI9dcFG.6TyMj6', NULL, NULL),
(689, 'JohnyJohn795', 'Johny', 'John', 'default.png', 1, '621johnjohnyslongfortesting@gmail.com', 1, '$2b$12$Iy9qemC9HLAUAm2030LFkOnkvc.QfjkjsgM/2FGo9gdf6d57EIjY2', NULL, NULL),
(690, 'JohnyJohn155', 'Johny', 'John', 'default.png', 1, '622johnjohnyslongfortesting@gmail.com', 1, '$2b$12$NNP2KX0gD3RPXpvVp/YOkOaVa3jaWWITqskruNmWX3HQgCo0qmjQ.', NULL, NULL),
(691, 'JohnyJohn458', 'Johny', 'John', 'default.png', 1, '623johnjohnyslongfortesting@gmail.com', 1, '$2b$12$vUEq6kF1lWzqQ27KYUPBa.NfQuowK/eQlOscN3pJOdMvaIU0t3UqG', NULL, NULL),
(692, 'JohnyJohn707', 'Johny', 'John', 'default.png', 1, '624johnjohnyslongfortesting@gmail.com', 1, '$2b$12$Q35oeLO4XIxLnd7Ju6GYd.UJDbC1eVKtEl9SqVc2ed6o0eJT8TtzW', NULL, NULL),
(693, 'JohnyJohn599', 'Johny', 'John', 'default.png', 1, '625johnjohnyslongfortesting@gmail.com', 1, '$2b$12$8KRNf.6HgVjKhGcEm/7KAO6qmETIyu.yVt4v5DFqNN3ZY3oL0FaW.', NULL, NULL),
(694, 'JohnyJohn867', 'Johny', 'John', 'default.png', 1, '626johnjohnyslongfortesting@gmail.com', 1, '$2b$12$w2n4e1klLLP6LkQFQ5K.teFairAGqi6bCOLWyDpCV0cTaGcPCzioW', NULL, NULL),
(695, 'JohnyJohn462', 'Johny', 'John', 'default.png', 1, '627johnjohnyslongfortesting@gmail.com', 1, '$2b$12$S2jEjjdzdWQESQjotHRiVu2FkNQwqKXBe2tO77.ynFgeq3bTghEFe', NULL, NULL),
(696, 'JohnyJohn110', 'Johny', 'John', 'default.png', 1, '628johnjohnyslongfortesting@gmail.com', 1, '$2b$12$QkJY35XzlL4kc2JXTX7/Wej1zvQx5D9c38XR58QcSBgH1F21pgUWK', NULL, NULL),
(697, 'JohnyJohn320', 'Johny', 'John', 'default.png', 1, '629johnjohnyslongfortesting@gmail.com', 1, '$2b$12$EAZMN4WooQcPnOBWLTTNY.8W7TSqDEDWFawId9WmRS80tKyg3t52G', NULL, NULL),
(698, 'JohnyJohn208', 'Johny', 'John', 'default.png', 1, '630johnjohnyslongfortesting@gmail.com', 1, '$2b$12$4GJ6VFWrg./jcIVt.bYV3uy5CeElW6enPObrootwwdGJbC4yGaD.m', NULL, NULL),
(699, 'JohnyJohn685', 'Johny', 'John', 'default.png', 1, '631johnjohnyslongfortesting@gmail.com', 1, '$2b$12$yux1IPdi9MfJfMuCcIScOuOeqhAIBE.4MjGD5TF58k.OwjEG.tkBu', NULL, NULL),
(700, 'JohnyJohn615', 'Johny', 'John', 'default.png', 1, '632johnjohnyslongfortesting@gmail.com', 1, '$2b$12$Rp.X0EqUHdkNCxpm7dVIf.i6yKrDDwZzHRTkIbjJgQEtXyuy27W1W', NULL, NULL),
(701, 'JohnyJohn855', 'Johny', 'John', 'default.png', 1, '633johnjohnyslongfortesting@gmail.com', 1, '$2b$12$1/D36qTkN1LM6h6DxCuREeN/5lBEXQObCam1XSgJHg2hI1ldDM3Be', NULL, NULL),
(702, 'JohnyJohn918', 'Johny', 'John', 'default.png', 1, '634johnjohnyslongfortesting@gmail.com', 1, '$2b$12$FmI6vvR/L1ytxAEEOSqm1uuNiYaR/aFe9HVUzzKIvl.G8KRkKPx.6', NULL, NULL),
(703, 'JohnyJohn479', 'Johny', 'John', 'default.png', 1, '635johnjohnyslongfortesting@gmail.com', 1, '$2b$12$M.U5WWkKsC4n7WWpGIxb7e7XVCpe8FMnJPY7mrJ1fxkFRNH.jg3Ry', NULL, NULL),
(704, 'JohnyJohn344', 'Johny', 'John', 'default.png', 1, '636johnjohnyslongfortesting@gmail.com', 1, '$2b$12$KT7Rjrd7bwRgPCOHehfbqe0fhqtGhgEYDQcynyavTQgqzxXE6JzdO', NULL, NULL),
(705, 'JohnyJohn202', 'Johny', 'John', 'default.png', 1, '637johnjohnyslongfortesting@gmail.com', 1, '$2b$12$4Fn//9drzKgJHwCRI1rAyufU42e3atFDuVAuG0wbHM1O2N.9vXbLq', NULL, NULL),
(706, 'JohnyJohn603', 'Johny', 'John', 'default.png', 1, '638johnjohnyslongfortesting@gmail.com', 1, '$2b$12$bNLwTWCNr9.f4P7Y24WF2uxhwy2DXYfrExoaACmIfpl5CRXsB8ZLq', NULL, NULL),
(707, 'JohnyJohn805', 'Johny', 'John', 'default.png', 1, '639johnjohnyslongfortesting@gmail.com', 1, '$2b$12$F9V762siLbawk0NO7iyToeODf8Ef0z8e5LrTLGgRGWnFLXTG0Z//y', NULL, NULL),
(708, 'JohnyJohn420', 'Johny', 'John', 'default.png', 1, '640johnjohnyslongfortesting@gmail.com', 1, '$2b$12$7rA9HBrwmwx/MPdhJWDZe.ZY5BnK48zUaj.ZeP9NNajY6MLGMkHAO', NULL, NULL),
(709, 'JohnyJohn914', 'Johny', 'John', 'default.png', 1, '641johnjohnyslongfortesting@gmail.com', 1, '$2b$12$K7br3mnK/x37maWVn1X19.MlNSJKpq/ypbZsO3L3r1il37JJa3yX2', NULL, NULL),
(710, 'JohnyJohn445', 'Johny', 'John', 'default.png', 1, '642johnjohnyslongfortesting@gmail.com', 1, '$2b$12$ZNctuxP3LYTWdTWQTSIg1u3pc2gH6N3ryh7lfU9Jp2qsQnGNiSj5u', NULL, NULL),
(711, 'JohnyJohn883', 'Johny', 'John', 'default.png', 1, '643johnjohnyslongfortesting@gmail.com', 1, '$2b$12$EUhhwL7o2x.Eltfnpv2Haej9YEG4IEo4lMaP0bxeKQzplcjHHe08y', NULL, NULL),
(712, 'JohnyJohn422', 'Johny', 'John', 'default.png', 1, '644johnjohnyslongfortesting@gmail.com', 1, '$2b$12$8oODBLXf1D6N1xxFplI7xeA6Y6VvNmukWuoeQQpCv7M4ijgLDNAiW', NULL, NULL),
(713, 'JohnyJohn209', 'Johny', 'John', 'default.png', 1, '645johnjohnyslongfortesting@gmail.com', 1, '$2b$12$4YxTcCHJEdNLqyU7wUMpiuG0vb/2cqK78MbA205buV35efci4WxCq', NULL, NULL),
(714, 'JohnyJohn586', 'Johny', 'John', 'default.png', 1, '646johnjohnyslongfortesting@gmail.com', 1, '$2b$12$9dbU4jjv0WUGkwF4lFrwKuefXfSGVkRRoIBNP2gMS6X3vjY7JLLA.', NULL, NULL),
(715, 'JohnyJohn860', 'Johny', 'John', 'default.png', 1, '647johnjohnyslongfortesting@gmail.com', 1, '$2b$12$3/Rl0Xk5k8..8glHorV5Femf7TmcEb09q0frR6A7DRtS5X2s5V9wW', NULL, NULL),
(716, 'JohnyJohn966', 'Johny', 'John', 'default.png', 1, '648johnjohnyslongfortesting@gmail.com', 1, '$2b$12$YebmAkLJ/RQxSUjyCoxPrexunZGSPv3CqRVKOHOwazcZWMUAABcH.', NULL, NULL),
(717, 'JohnyJohn649', 'Johny', 'John', 'default.png', 1, '649johnjohnyslongfortesting@gmail.com', 1, '$2b$12$OBI1acskB1Dbez0JgntPE.O6Muh3yJN.XDt3t6zC4tMxNQmDrNzWe', NULL, NULL),
(718, 'JohnyJohn331', 'Johny', 'John', 'default.png', 1, '650johnjohnyslongfortesting@gmail.com', 1, '$2b$12$nPKVamuvahKBqzf997mMgeJNJQhj9wVn9JUuLlyvFYlPIaP7tjMQC', NULL, NULL),
(719, 'JohnyJohn181', 'Johny', 'John', 'default.png', 1, '651johnjohnyslongfortesting@gmail.com', 1, '$2b$12$vLay6UykBjpk1BHQuiza.uyUQ3G/vf5eJ4/IQWH2Qx/MyOqw5lpjS', NULL, NULL),
(720, 'JohnyJohn145', 'Johny', 'John', 'default.png', 1, '652johnjohnyslongfortesting@gmail.com', 1, '$2b$12$a3E8oj2OwLUFnN.dREctuOyjlqwq4ZGKBzrlQ7/y5tBEG43UPRlVC', NULL, NULL),
(721, 'JohnyJohn626', 'Johny', 'John', 'default.png', 1, '653johnjohnyslongfortesting@gmail.com', 1, '$2b$12$RB2tyaZhJAF25owOzMINE.19d2dHriUan5ZEJSucZs7xe1hb.3SGu', NULL, NULL),
(722, 'JohnyJohn179', 'Johny', 'John', 'default.png', 1, '654johnjohnyslongfortesting@gmail.com', 1, '$2b$12$kT6cFPH8nJ1aoL2ypsLEduhNAgFdc7KX4ahKsQUaW8a50UpStQDM6', NULL, NULL),
(723, 'JohnyJohn863', 'Johny', 'John', 'default.png', 1, '655johnjohnyslongfortesting@gmail.com', 1, '$2b$12$QGKzud03TjujKIOj0MoWKO/6WvTyh/NtPvmBymOfz0E/4Q7d.OV6W', NULL, NULL),
(724, 'JohnyJohn901', 'Johny', 'John', 'default.png', 1, '656johnjohnyslongfortesting@gmail.com', 1, '$2b$12$IfqWo2FMJsWKxKsZ21ke/uMW9nXNnxuj09ttPVilIYjqwcD4dhjKi', NULL, NULL),
(725, 'JohnyJohn627', 'Johny', 'John', 'default.png', 1, '657johnjohnyslongfortesting@gmail.com', 1, '$2b$12$3Tbz0ycezneo79t1G8V9NOEtoGDrJ5FMIWx1ewq/2AmyvxEkBoqiG', NULL, NULL),
(726, 'JohnyJohn690', 'Johny', 'John', 'default.png', 1, '658johnjohnyslongfortesting@gmail.com', 1, '$2b$12$/Hxww4GVLivx4FpqOY3fbegu6EZb7E7kASAMsmyQS5VnkFE/vNcRS', NULL, NULL),
(727, 'JohnyJohn424', 'Johny', 'John', 'default.png', 1, '659johnjohnyslongfortesting@gmail.com', 1, '$2b$12$u3jY/IKSeHqRcNQ.ENKUKeNJSC.nsiMn0nfPY7.jHQlrFMQWw5zdO', NULL, NULL),
(728, 'JohnyJohn259', 'Johny', 'John', 'default.png', 1, '660johnjohnyslongfortesting@gmail.com', 1, '$2b$12$Vx26i.mcro2UkaF5X/BVXu4anE8rXwtn5IGG63V8kvwJgUTQ/DM1y', NULL, NULL),
(729, 'JohnyJohn828', 'Johny', 'John', 'default.png', 1, '661johnjohnyslongfortesting@gmail.com', 1, '$2b$12$8vNkMKuJFO9pQj3g.p527ec29olvV13zSwYAlXPzUgeWDQvV.CLBy', NULL, NULL),
(730, 'JohnyJohn550', 'Johny', 'John', 'default.png', 1, '662johnjohnyslongfortesting@gmail.com', 1, '$2b$12$p7CC6voyVRCG29jEEdnyh.1a/9hIoiqaRNAocdcZQLDYnMItc0wRa', NULL, NULL),
(731, 'JohnyJohn824', 'Johny', 'John', 'default.png', 1, '663johnjohnyslongfortesting@gmail.com', 1, '$2b$12$5nqHcZRwc66A4RwikbHKcumh6BxkyDOWv8TQe6YUgjj2azJZGXdTW', NULL, NULL),
(732, 'JohnyJohn258', 'Johny', 'John', 'default.png', 1, '664johnjohnyslongfortesting@gmail.com', 1, '$2b$12$5.YK62SuJfip/pB64MYmyuxzmux49NglSV8lxvW.cu23V10nnp5Ai', NULL, NULL),
(733, 'JohnyJohn567', 'Johny', 'John', 'default.png', 1, '665johnjohnyslongfortesting@gmail.com', 1, '$2b$12$9IeCZVdZYGAbDFjm52sAxe/o2juySjPJa1j8ihFba1qlyVkgivh7y', NULL, NULL),
(734, 'JohnyJohn211', 'Johny', 'John', 'default.png', 1, '666johnjohnyslongfortesting@gmail.com', 1, '$2b$12$cT4kuKKOu06UUIAw2ayGL.HsJeBFHH/7/iAjFEwEzFHmHhzPVjq9.', NULL, NULL),
(735, 'JohnyJohn305', 'Johny', 'John', 'default.png', 1, '667johnjohnyslongfortesting@gmail.com', 1, '$2b$12$wXejU1hmtbW5pO/ncInaruo5m3FZ1h/sGLWpzxY4pcUM/51xTtDsy', NULL, NULL),
(736, 'JohnyJohn881', 'Johny', 'John', 'default.png', 1, '668johnjohnyslongfortesting@gmail.com', 1, '$2b$12$GMEh6qFy4KnTVH5G0NB.pO/m5IQ42l9MW4X828a5CaNFTQ2LF6r3K', NULL, NULL),
(737, 'JohnyJohn624', 'Johny', 'John', 'default.png', 1, '669johnjohnyslongfortesting@gmail.com', 1, '$2b$12$CofHNOOQ9wpqdLSYuX/06.EPRylu9LyBuDBjnP6RG1lBZ5lwKan6q', NULL, NULL),
(738, 'JohnyJohn568', 'Johny', 'John', 'default.png', 1, '670johnjohnyslongfortesting@gmail.com', 1, '$2b$12$h/QZZy5RfQluw2ib1m.8fe.MS/mlow6owJXjePg7tE.9TVai9NSL.', NULL, NULL),
(739, 'JohnyJohn547', 'Johny', 'John', 'default.png', 1, '671johnjohnyslongfortesting@gmail.com', 1, '$2b$12$Wn6ikBZMoIf1.ocY1Lz6o.8gyCtvmZh0FrK.uLXdWgbiY.WK21g/u', NULL, NULL),
(740, 'JohnyJohn192', 'Johny', 'John', 'default.png', 1, '672johnjohnyslongfortesting@gmail.com', 1, '$2b$12$syIWoQkjBuJ.jX1vPRGQauxO91UMo9fbF5EJhlQmW7ElQpEJnpIca', NULL, NULL),
(741, 'JohnyJohn518', 'Johny', 'John', 'default.png', 1, '673johnjohnyslongfortesting@gmail.com', 1, '$2b$12$jJiu0IziOwF5wgSDlYKrd.UuDbvwWqYI1jXzgFD0ZNF9UNQLhp5H6', NULL, NULL),
(742, 'JohnyJohn165', 'Johny', 'John', 'default.png', 1, '674johnjohnyslongfortesting@gmail.com', 1, '$2b$12$gQzWGcmuuJNzakuVx8LfKu3NN5HuC0JiitPtt.WFyk4GSI3Qts9FC', NULL, NULL),
(743, 'JohnyJohn548', 'Johny', 'John', 'default.png', 1, '675johnjohnyslongfortesting@gmail.com', 1, '$2b$12$q9t1uNuCRgXZrWHtR58rH.M4Y/IYD27OVuyDou6zCWJHYlw7DSaMq', NULL, NULL),
(744, 'JohnyJohn020', 'Johny', 'John', 'default.png', 1, '676johnjohnyslongfortesting@gmail.com', 1, '$2b$12$EsqUH/ltF3/WVyYmyGJTbeS13hcE6D.xPeUfCYVIDJQjVOgw8USJq', NULL, NULL),
(745, 'JohnyJohn225', 'Johny', 'John', 'default.png', 1, '677johnjohnyslongfortesting@gmail.com', 1, '$2b$12$F7PKl8bYTojzOqkjrPxXnOhx1SgQviNrcRsTcnv9zZ9gDTdzcdM4S', NULL, NULL),
(746, 'JohnyJohn770', 'Johny', 'John', 'default.png', 1, '678johnjohnyslongfortesting@gmail.com', 1, '$2b$12$HYkYSDbMHzehqZrf8fu8i.JpdPFqvz.JOQa38QQmBq4S7JN6qHP5y', NULL, NULL),
(747, 'JohnyJohn829', 'Johny', 'John', 'default.png', 1, '679johnjohnyslongfortesting@gmail.com', 1, '$2b$12$cX6Y4hl3n4P8Zc3/BpiA3.5rmQO3RsaomOeHlTkBvM.O6zO6b7HFu', NULL, NULL),
(748, 'JohnyJohn932', 'Johny', 'John', 'default.png', 1, '680johnjohnyslongfortesting@gmail.com', 1, '$2b$12$tvpL2YZrc9cMe9CsnBaMkOXUFvqO1v2lnQ8VxaV4cwbrsJLRQjXHa', NULL, NULL),
(749, 'JohnyJohn926', 'Johny', 'John', 'default.png', 1, '681johnjohnyslongfortesting@gmail.com', 1, '$2b$12$koFttImHy1wdJaWZKAlS/u8yea9diMs88xWSvDawymANTFpuee0RO', NULL, NULL),
(750, 'JohnyJohn779', 'Johny', 'John', 'default.png', 1, '682johnjohnyslongfortesting@gmail.com', 1, '$2b$12$qCe0cY.wiIfaCLPCSBb1xuZQAdYQDjClquU86Ps4C6aLA5ADRh8n2', NULL, NULL),
(751, 'JohnyJohn425', 'Johny', 'John', 'default.png', 1, '683johnjohnyslongfortesting@gmail.com', 1, '$2b$12$W6YSDnoIC4zWfyOdWDojzemfMmfbFVz64SSfZFV7PR9RhHyl5ZRee', NULL, NULL),
(752, 'JohnyJohn088', 'Johny', 'John', 'default.png', 1, '684johnjohnyslongfortesting@gmail.com', 1, '$2b$12$SC6Q36UxPBayzxAd6yzAPOporRMHY24TRMtSGhlozAlNgWFXrvF8i', NULL, NULL),
(753, 'JohnyJohn897', 'Johny', 'John', 'default.png', 1, '685johnjohnyslongfortesting@gmail.com', 1, '$2b$12$ChjdOy3fsAnJJ.rhaITyqejJC45aRGfXIL4TQpZd1lPJLimTMYK2y', NULL, NULL),
(754, 'JohnyJohn428', 'Johny', 'John', 'default.png', 1, '686johnjohnyslongfortesting@gmail.com', 1, '$2b$12$5wZFLsiJ9/.riZdEUHc.lek8aDOhHA67VcClJumcjjD9CHhUGRmVm', NULL, NULL),
(755, 'JohnyJohn484', 'Johny', 'John', 'default.png', 1, '687johnjohnyslongfortesting@gmail.com', 1, '$2b$12$eF0Di2qbrh.HglDJj6buPOv7GQ9AR3eAsiPPKM3Ramh8ouC8rgVCS', NULL, NULL),
(756, 'JohnyJohn784', 'Johny', 'John', 'default.png', 1, '688johnjohnyslongfortesting@gmail.com', 1, '$2b$12$ttkDNJ7YCsAT/HJp90C1cuEGheDAGtl0QAhtUC84nSy3t/vPNde3q', NULL, NULL),
(757, 'JohnyJohn713', 'Johny', 'John', 'default.png', 1, '689johnjohnyslongfortesting@gmail.com', 1, '$2b$12$smoJVXAwl/k.hlEVK2o1p..QMGmwK6VXO9O84yPC2fAKoLRbJvRai', NULL, NULL),
(758, 'JohnyJohn651', 'Johny', 'John', 'default.png', 1, '690johnjohnyslongfortesting@gmail.com', 1, '$2b$12$8MoCezi72Kb6ZSwuFP/sZe9.doOwgVjg2DEhAiRFD2LBospj8HSQS', NULL, NULL),
(759, 'JohnyJohn190', 'Johny', 'John', 'default.png', 1, '691johnjohnyslongfortesting@gmail.com', 1, '$2b$12$AxqeFp2qjI070YjaFnYjVuCG78qAS3wsqBRn4eeqZREQ7WxMPU392', NULL, NULL),
(760, 'JohnyJohn360', 'Johny', 'John', 'default.png', 1, '692johnjohnyslongfortesting@gmail.com', 1, '$2b$12$bp4ic98MGma2d4FbN43asO4cLqo5d/sWYGp9Mo.vq0EbANIr8AyTm', NULL, NULL),
(761, 'JohnyJohn961', 'Johny', 'John', 'default.png', 1, '693johnjohnyslongfortesting@gmail.com', 1, '$2b$12$GTpElbZn/2RILpQkvkXEm.ynWF5OIYyfHFTkY1HX/O2gQU/mUOC66', NULL, NULL),
(762, 'JohnyJohn433', 'Johny', 'John', 'default.png', 1, '694johnjohnyslongfortesting@gmail.com', 1, '$2b$12$.T3S2Dr9QtJTpuk1qWhy.OEJ7nIpWy9Y7k9lM5c9XsStUaJ2K6ane', NULL, NULL),
(763, 'JohnyJohn027', 'Johny', 'John', 'default.png', 1, '695johnjohnyslongfortesting@gmail.com', 1, '$2b$12$w3WwyVw8KKp3IdOHsuofs.rJ51mgFfO.4i/Yaag7x8gFxiH89IBxq', NULL, NULL),
(764, 'JohnyJohn714', 'Johny', 'John', 'default.png', 1, '696johnjohnyslongfortesting@gmail.com', 1, '$2b$12$KnZ02GuQPbfybcqZpwHMgu50LZgkeQbSA05pnhLUTNRl.axO2rNoa', NULL, NULL),
(765, 'JohnyJohn998', 'Johny', 'John', 'default.png', 1, '697johnjohnyslongfortesting@gmail.com', 1, '$2b$12$.29E2mLU2Dfs5kZ.2H0MF.AtVF2kVv3t5Q/SFCI7CtVZ9FykqYlLq', NULL, NULL),
(766, 'JohnyJohn724', 'Johny', 'John', 'default.png', 1, '698johnjohnyslongfortesting@gmail.com', 1, '$2b$12$ob3R39onnuVqB9caOrnaQ.bOnkN8xuynzab/fAGGmmDJLSXYzAOde', NULL, NULL),
(767, 'JohnyJohn726', 'Johny', 'John', 'default.png', 1, '699johnjohnyslongfortesting@gmail.com', 1, '$2b$12$ZSVTIAjcmM.uiN8jKttfMOL55eGkA35aAAJhtf3kKHKK9dLz6fSVa', NULL, NULL),
(768, 'JohnyJohn334', 'Johny', 'John', 'default.png', 1, '700johnjohnyslongfortesting@gmail.com', 1, '$2b$12$lNEkXJtY4IgCJKGtaNoyoels.1xjuipwFwvRfc6yk7HIk/m6PIbfm', NULL, NULL),
(769, 'JohnyJohn375', 'Johny', 'John', 'default.png', 1, '701johnjohnyslongfortesting@gmail.com', 1, '$2b$12$.D38l5E1dxZb1LJFixeOlO0842/dJ85szXYiHOxbWMddnU2WUBbGW', NULL, NULL),
(770, 'JohnyJohn728', 'Johny', 'John', 'default.png', 1, '702johnjohnyslongfortesting@gmail.com', 1, '$2b$12$EQR6uD15tnoJ/as7mrM63O1QWC/zYZVlNGkW/nPb9kP9TTHSBaLGq', NULL, NULL),
(771, 'JohnyJohn013', 'Johny', 'John', 'default.png', 1, '703johnjohnyslongfortesting@gmail.com', 1, '$2b$12$D5E0Ty2itq.Hi.UaECEXeujpcbbS/ROq/BkurguoFwnkvP1Ma0nRG', NULL, NULL),
(772, 'JohnyJohn326', 'Johny', 'John', 'default.png', 1, '704johnjohnyslongfortesting@gmail.com', 1, '$2b$12$hb6xmKnlG4voygIhJ1uMmehr7Sxn1x0yfe67g5WsduqO6NCjp/a..', NULL, NULL),
(773, 'JohnyJohn910', 'Johny', 'John', 'default.png', 1, '705johnjohnyslongfortesting@gmail.com', 1, '$2b$12$Se.zjIGyjWTFl4UOQJ7wXO9UHsICPr0oih0dusXpxHL/xhnKizgU6', NULL, NULL),
(774, 'JohnyJohn643', 'Johny', 'John', 'default.png', 1, '706johnjohnyslongfortesting@gmail.com', 1, '$2b$12$aE9eg8FnrgL.9u38GoDtn.Wl/KLQLuRb14xcM1RrgYS1j19cmnrIW', NULL, NULL),
(775, 'JohnyJohn023', 'Johny', 'John', 'default.png', 1, '707johnjohnyslongfortesting@gmail.com', 1, '$2b$12$1QwnF48dgcGTmnzrutZiPet0Z2UTIPPoEj.nfHfGO4wIk1MV2vfN6', NULL, NULL),
(776, 'JohnyJohn786', 'Johny', 'John', 'default.png', 1, '708johnjohnyslongfortesting@gmail.com', 1, '$2b$12$jPiq4ojWznH5KY1twZL44OqRrYBtGw7nYgFkQPkhjO7Rb373lr2xG', NULL, NULL),
(777, 'JohnyJohn538', 'Johny', 'John', 'default.png', 1, '709johnjohnyslongfortesting@gmail.com', 1, '$2b$12$DO9nDaySrMuvyLkYdw0OA.Rk0UNwDoiNQLFmwor73W1iVL.VUlKp2', NULL, NULL),
(778, 'JohnyJohn616', 'Johny', 'John', 'default.png', 1, '710johnjohnyslongfortesting@gmail.com', 1, '$2b$12$WeTXQz.rq4e0JmrHQVKaIOKH9qRqovB4EbtrWfbbatGQFdPXB.sm.', NULL, NULL),
(779, 'JohnyJohn437', 'Johny', 'John', 'default.png', 1, '711johnjohnyslongfortesting@gmail.com', 1, '$2b$12$x7hcbaQ8WT5rJot6odWhNulsW/4fgypQRPP3SQO.DevDBT9liLwy6', NULL, NULL),
(780, 'JohnyJohn841', 'Johny', 'John', 'default.png', 1, '712johnjohnyslongfortesting@gmail.com', 1, '$2b$12$4uCnyV2twHrGVEEOifSJKOkFHWOY4GTsBIyvfNwQfmCVC5n9Ox4IW', NULL, NULL),
(781, 'JohnyJohn727', 'Johny', 'John', 'default.png', 1, '713johnjohnyslongfortesting@gmail.com', 1, '$2b$12$jHPz51g2iY7mKunq/CX/be2PhA/v/ZUOkCWYpGDOsQ.Wm5dumanHC', NULL, NULL),
(782, 'JohnyJohn362', 'Johny', 'John', 'default.png', 1, '714johnjohnyslongfortesting@gmail.com', 1, '$2b$12$LCBmURxnD0QFGKBs1afnhudg.aRRH5uE2Vsr9qJPB0YWwul.HcqgK', NULL, NULL),
(783, 'JohnyJohn968', 'Johny', 'John', 'default.png', 1, '715johnjohnyslongfortesting@gmail.com', 1, '$2b$12$iOBr.fe8Eht35MZpR9CTwO3AonAgU/QO8NjmXkINo92nYWAwP.K2S', NULL, NULL),
(784, 'JohnyJohn100', 'Johny', 'John', 'default.png', 1, '716johnjohnyslongfortesting@gmail.com', 1, '$2b$12$uSgLZaTS7dbjMGuvu01vH.tzAUmjSms00A84KGMYB70VBYh1uOb9C', NULL, NULL),
(785, 'JohnyJohn034', 'Johny', 'John', 'default.png', 1, '717johnjohnyslongfortesting@gmail.com', 1, '$2b$12$Y298/Ki9YiHNI2HQHqztDOwSQav/YHIPsttpJ3c201mWq.HLgxvJ.', NULL, NULL),
(786, 'JohnyJohn442', 'Johny', 'John', 'default.png', 1, '718johnjohnyslongfortesting@gmail.com', 1, '$2b$12$GBpPjOfTu83fXUSwrHD11u3DBIveMN2y6HZ7uWjI77RYgDDdmd8fi', NULL, NULL),
(787, 'JohnyJohn771', 'Johny', 'John', 'default.png', 1, '719johnjohnyslongfortesting@gmail.com', 1, '$2b$12$rUYc.oydV0d4QJnAMywpQuLCJvP8dhSEoRsiP4kI82P2Gm4Ldqdee', NULL, NULL),
(788, 'JohnyJohn780', 'Johny', 'John', 'default.png', 1, '720johnjohnyslongfortesting@gmail.com', 1, '$2b$12$LnZZphEv1wlxobrgcDgEquY4eZwHe4OeM.kFNSKCS0BxR.v/V6ZBm', NULL, NULL),
(789, 'JohnyJohn865', 'Johny', 'John', 'default.png', 1, '721johnjohnyslongfortesting@gmail.com', 1, '$2b$12$uY.Ckp4nC3eDR0J0gVTyrOj8XZkS3smLss0en1LIZ8mj/G2x1YfMS', NULL, NULL),
(790, 'JohnyJohn730', 'Johny', 'John', 'default.png', 1, '722johnjohnyslongfortesting@gmail.com', 1, '$2b$12$RvJ.Zk.QdjIrYC6dimxjYOWJkbX.3zo2cU3o1usiGa/WAJlrjYIC.', NULL, NULL),
(791, 'JohnyJohn936', 'Johny', 'John', 'default.png', 1, '723johnjohnyslongfortesting@gmail.com', 1, '$2b$12$/n1bHxelrjQcIMNgZdJHreAm6kuk9RhmQbv.kxloKjOqE3B6Keis.', NULL, NULL),
(792, 'JohnyJohn851', 'Johny', 'John', 'default.png', 1, '724johnjohnyslongfortesting@gmail.com', 1, '$2b$12$fBQQfKA.V0zHDCdaaw.mpuCJNG92Vw/aCOwkzjUpgDYCYUoIje.qS', NULL, NULL),
(793, 'JohnyJohn539', 'Johny', 'John', 'default.png', 1, '725johnjohnyslongfortesting@gmail.com', 1, '$2b$12$tPtdcsAI5iSxMFd4RNVKQuqpcgFBL3igIFVHQHTT.Kr53pJwZQING', NULL, NULL),
(794, 'JohnyJohn529', 'Johny', 'John', 'default.png', 1, '726johnjohnyslongfortesting@gmail.com', 1, '$2b$12$thBqMjPfP8VPH9L4WIlfN.7M4.awnsV2KGBrV7ylrUwjhhtL6CL6S', NULL, NULL),
(795, 'JohnyJohn252', 'Johny', 'John', 'default.png', 1, '727johnjohnyslongfortesting@gmail.com', 1, '$2b$12$XFMDnBG/XRO5XY.RIFG1IuYPChMbTuE0roXsVCWAmRJ.Lsk6Ff9MW', NULL, NULL),
(796, 'JohnyJohn656', 'Johny', 'John', 'default.png', 1, '728johnjohnyslongfortesting@gmail.com', 1, '$2b$12$U9Ly1.aj4I5EkGma/ltVM.1rGTNq7Wafua8cZROPXtBi6lfzZLoTe', NULL, NULL),
(797, 'JohnyJohn446', 'Johny', 'John', 'default.png', 1, '729johnjohnyslongfortesting@gmail.com', 1, '$2b$12$0JHpmoRUI4I2sOQwhSdqT.quxFTv7k3f0xqWUpH6KSZZH2DCsBuBK', NULL, NULL),
(798, 'JohnyJohn944', 'Johny', 'John', 'default.png', 1, '730johnjohnyslongfortesting@gmail.com', 1, '$2b$12$vSTcDCBfSMsnxC5kEk3XGOgo3w4nOI7Z33nTwqhOt42ghBIBYLSwi', NULL, NULL),
(799, 'JohnyJohn067', 'Johny', 'John', 'default.png', 1, '731johnjohnyslongfortesting@gmail.com', 1, '$2b$12$lnLJci9qucHcBah/D5/ZNuSYcd0cjCHaUTHO8Kv4sC75i3kW4J5Gm', NULL, NULL),
(800, 'JohnyJohn168', 'Johny', 'John', 'default.png', 1, '732johnjohnyslongfortesting@gmail.com', 1, '$2b$12$JI2k8e5NJGQTAm1l3m0eLOvRzViBsYtjA1ZMC4DUMsRNiynIqAIDm', NULL, NULL),
(801, 'JohnyJohn105', 'Johny', 'John', 'default.png', 1, '733johnjohnyslongfortesting@gmail.com', 1, '$2b$12$4ReVe6LPd4ymWz1zfU9uWOuSi4qJdXr.IwcfRhv1VIO4aXpQLlxwG', NULL, NULL),
(802, 'JohnyJohn014', 'Johny', 'John', 'default.png', 1, '734johnjohnyslongfortesting@gmail.com', 1, '$2b$12$0.igt7QJ.F.SOAvX19wAtO49pnkyoDYBIa4cQQNUEnELu9c5DYZoa', NULL, NULL),
(803, 'JohnyJohn576', 'Johny', 'John', 'default.png', 1, '735johnjohnyslongfortesting@gmail.com', 1, '$2b$12$FsAJEzXYzh9tx27O9qlCFuZMoWJDkjqFvKKBtaSAwRucDDo5fU7tW', NULL, NULL),
(804, 'JohnyJohn447', 'Johny', 'John', 'default.png', 1, '736johnjohnyslongfortesting@gmail.com', 1, '$2b$12$YcWZaZXaZCk554rO4SPjWewxukhY/WMqEtR9tmTDAFsPYRzQqCWQW', NULL, NULL),
(805, 'JohnyJohn119', 'Johny', 'John', 'default.png', 1, '737johnjohnyslongfortesting@gmail.com', 1, '$2b$12$BuTVv2S2TBTrOA3ht6yG6O22jqS.Wa7yDd/47WIeEHq93FX7rUNSO', NULL, NULL),
(806, 'JohnyJohn214', 'Johny', 'John', 'default.png', 1, '738johnjohnyslongfortesting@gmail.com', 1, '$2b$12$0FdC1hKdBPyw59tM/zCO.ullcRrKSNsuZtaj0h45QO1AJeM16R/fy', NULL, NULL),
(807, 'JohnyJohn519', 'Johny', 'John', 'default.png', 1, '739johnjohnyslongfortesting@gmail.com', 1, '$2b$12$9LbghKBELIsSw65/qCveOOcFu10QDQxYc/0WlO63OW4MZ6ZyxBAZu', NULL, NULL),
(808, 'JohnyJohn301', 'Johny', 'John', 'default.png', 1, '740johnjohnyslongfortesting@gmail.com', 1, '$2b$12$p7ZcWT4jU9OlGFjQZ0Tdt.aYRcKFQ.93Q/wVaorQkGPTe15nNp7BC', NULL, NULL),
(809, 'JohnyJohn882', 'Johny', 'John', 'default.png', 1, '741johnjohnyslongfortesting@gmail.com', 1, '$2b$12$pC/s4isE7SjZhEi5UwgnTerUy.qUhWG.YmBxR046/xO4mfbc0/C7i', NULL, NULL),
(810, 'JohnyJohn364', 'Johny', 'John', 'default.png', 1, '742johnjohnyslongfortesting@gmail.com', 1, '$2b$12$ocyRMvYJteZQ1duklzHKRuNvZ58vQtuSLxg0P1UUV9kpdYh3ZMEnm', NULL, NULL),
(811, 'JohnyJohn657', 'Johny', 'John', 'default.png', 1, '743johnjohnyslongfortesting@gmail.com', 1, '$2b$12$HZE2cJVsHVjdsrtCHD/WdOvIZ3ctXKwtDIiL1B.YVk2d/46Pz2KHG', NULL, NULL),
(812, 'JohnyJohn177', 'Johny', 'John', 'default.png', 1, '744johnjohnyslongfortesting@gmail.com', 1, '$2b$12$uFimIpzLuY5m6uKFW3dS8uLAhPjtpRB21oYXVoXsvHuQ4BAnqDERW', NULL, NULL),
(813, 'JohnyJohn171', 'Johny', 'John', 'default.png', 1, '745johnjohnyslongfortesting@gmail.com', 1, '$2b$12$SJxKIIe0IKzZScNHo3pJUeEhViSXUCfNtykcMa.gfJgKKt/wRpxz6', NULL, NULL),
(814, 'JohnyJohn485', 'Johny', 'John', 'default.png', 1, '746johnjohnyslongfortesting@gmail.com', 1, '$2b$12$jiyl3flYEMUIJ6UNJH7DiumkDpnH08.j3N1703086ipqMvbYdyoYu', NULL, NULL),
(815, 'JohnyJohn994', 'Johny', 'John', 'default.png', 1, '747johnjohnyslongfortesting@gmail.com', 1, '$2b$12$nacrgoaqpOEsU4I6QYQ71.p0mJn1druVMsRGgLgieqWbDu/i.u0rm', NULL, NULL),
(816, 'JohnyJohn985', 'Johny', 'John', 'default.png', 1, '748johnjohnyslongfortesting@gmail.com', 1, '$2b$12$Gg1tfAARWYRtifLJeeaMDeUjC7m.cpuNmuS1XoloSC81Bt4qXZfTi', NULL, NULL),
(817, 'JohnyJohn578', 'Johny', 'John', 'default.png', 1, '749johnjohnyslongfortesting@gmail.com', 1, '$2b$12$AcA2AUnLJQhsxRPiHywdc.HwPqKk7CQr6KX1t73fhFlg84OHzNVcu', NULL, NULL),
(818, 'JohnyJohn562', 'Johny', 'John', 'default.png', 1, '750johnjohnyslongfortesting@gmail.com', 1, '$2b$12$.ofc0Ot.Jf2oqjpJ1vgpH./p41Xi7lHm1hiUm9cdzO2MaKtKsAvTO', NULL, NULL),
(819, 'JohnyJohn335', 'Johny', 'John', 'default.png', 1, '751johnjohnyslongfortesting@gmail.com', 1, '$2b$12$JhL1TEeNqwWd7NAz4sDbY.6dHAb2aFJTN7u9avKYFrKfzQs/TCkIG', NULL, NULL),
(820, 'JohnyJohn629', 'Johny', 'John', 'default.png', 1, '752johnjohnyslongfortesting@gmail.com', 1, '$2b$12$5g3/DlGFfeZ8e51ZtwV/xeI.qhXy3ETCle.PrLvPYDdWDhtTn8oY2', NULL, NULL),
(821, 'JohnyJohn288', 'Johny', 'John', 'default.png', 1, '753johnjohnyslongfortesting@gmail.com', 1, '$2b$12$fS/EqFk431gsi5nWANY4iOsTekTNRpyRdrwviHHJKlImCHn73gkPe', NULL, NULL),
(822, 'JohnyJohn041', 'Johny', 'John', 'default.png', 1, '754johnjohnyslongfortesting@gmail.com', 1, '$2b$12$O5riblRKrcH0JJ2hDo.tZugEie5PZdWfneZthDNNKuchdsi3hDKMm', NULL, NULL),
(823, 'JohnyJohn035', 'Johny', 'John', 'default.png', 1, '755johnjohnyslongfortesting@gmail.com', 1, '$2b$12$cOpH/Lf06ytkIBAxdB55ROjbVhfIltPRIERFnLUP0J8EzEIQ/4zxe', NULL, NULL),
(824, 'JohnyJohn454', 'Johny', 'John', 'default.png', 1, '756johnjohnyslongfortesting@gmail.com', 1, '$2b$12$pPLRoFWLiBTwnqVmgTCiueFqAKvDqKNMcMEB4LCdqJsIRXauPL942', NULL, NULL),
(825, 'JohnyJohn555', 'Johny', 'John', 'default.png', 1, '757johnjohnyslongfortesting@gmail.com', 1, '$2b$12$f6iwiPydFs1l8xRUARJ8MOrVoEm8DGbtpCmSSfyNGSAK5VHNkuwgS', NULL, NULL),
(826, 'JohnyJohn327', 'Johny', 'John', 'default.png', 1, '758johnjohnyslongfortesting@gmail.com', 1, '$2b$12$gSyFNyfSzSBhQ4dH7EClS.itBNOCl6vDCzuAQ3EtOs8CnHa5Z17Ne', NULL, NULL),
(827, 'JohnyJohn106', 'Johny', 'John', 'default.png', 1, '759johnjohnyslongfortesting@gmail.com', 1, '$2b$12$8F6PaXOatdEe4EZRCb1cB.7DkcoUBAOemdjwZe8paHa89JeaRQe6G', NULL, NULL),
(828, 'JohnyJohn322', 'Johny', 'John', 'default.png', 1, '760johnjohnyslongfortesting@gmail.com', 1, '$2b$12$aU9Dv67QKSZYhRxseu8PDuZk8RYpsw80Xbv.wFz/5SmchUk4m19qS', NULL, NULL),
(829, 'JohnyJohn660', 'Johny', 'John', 'default.png', 1, '761johnjohnyslongfortesting@gmail.com', 1, '$2b$12$PPHZS2gtJNNe3uKK1fI/YueCDp4B3siemFqYOrG846Z9CICmV3PdC', NULL, NULL),
(830, 'JohnyJohn158', 'Johny', 'John', 'default.png', 1, '762johnjohnyslongfortesting@gmail.com', 1, '$2b$12$/x4yTMJlJBEfd/FQLoutt.ih1h0o1YLCXNB2x9uAnqUNLdHq65iRW', NULL, NULL),
(831, 'JohnyJohn289', 'Johny', 'John', 'default.png', 1, '763johnjohnyslongfortesting@gmail.com', 1, '$2b$12$vBaLtC7Xt0IluQTgBHW0Lu.6jv6JyG2XMczoIvHCzv17GNIhB/kyK', NULL, NULL),
(832, 'JohnyJohn609', 'Johny', 'John', 'default.png', 1, '764johnjohnyslongfortesting@gmail.com', 1, '$2b$12$rhBtr5FRg/Yv0cLLGy1NS.SUjIXVYUyKPknzUtHsU2XRKfFgP.GzW', NULL, NULL),
(833, 'JohnyJohn455', 'Johny', 'John', 'default.png', 1, '765johnjohnyslongfortesting@gmail.com', 1, '$2b$12$6boqRHQfr0F6b8IHhhmtk./Keq4nhWLtTTGVwXLsI3WBnqCNGZsb6', NULL, NULL),
(834, 'JohnyJohn836', 'Johny', 'John', 'default.png', 1, '766johnjohnyslongfortesting@gmail.com', 1, '$2b$12$6BNVs4Rdfqa8mshvlBaXXuzN5rOoUo.wH.CTNvX137AjwzDh1SWmK', NULL, NULL),
(835, 'JohnyJohn806', 'Johny', 'John', 'default.png', 1, '767johnjohnyslongfortesting@gmail.com', 1, '$2b$12$5dGOu6nWxhnbmSoywFiF8u9yb3oF4ZuPSERoeUGtXYDdCq5nsmzt.', NULL, NULL),
(836, 'JohnyJohn869', 'Johny', 'John', 'default.png', 1, '768johnjohnyslongfortesting@gmail.com', 1, '$2b$12$kYQqSps/4l39Vs.NWzcAFO906rlw6UN07n1uALbZEON4Pk9nA5jmW', NULL, NULL),
(837, 'JohnyJohn389', 'Johny', 'John', 'default.png', 1, '769johnjohnyslongfortesting@gmail.com', 1, '$2b$12$KZoXDP3yHr.WIJab3dCLwuEoWduKLSrn9sAY6P0BU6sBMGaDZTWUW', NULL, NULL),
(838, 'JohnyJohn256', 'Johny', 'John', 'default.png', 1, '770johnjohnyslongfortesting@gmail.com', 1, '$2b$12$1VdYjZZEQdEBmPWsn/E24OzdAIaShION0L.ZOovSaQrsP/epRlFkS', NULL, NULL),
(839, 'JohnyJohn390', 'Johny', 'John', 'default.png', 1, '771johnjohnyslongfortesting@gmail.com', 1, '$2b$12$0IWqzvUsSCOSz9HJ1ecY7.ggXa2aDjIZi/NgBIVVhVwluYMjdwSES', NULL, NULL),
(840, 'JohnyJohn974', 'Johny', 'John', 'default.png', 1, '772johnjohnyslongfortesting@gmail.com', 1, '$2b$12$rilSQYLplnfecKJhz0920e4d9UqCRZyJUk07a9AMkCwypNQuuG1lq', NULL, NULL),
(841, 'JohnyJohn915', 'Johny', 'John', 'default.png', 1, '773johnjohnyslongfortesting@gmail.com', 1, '$2b$12$C2AQIA6hFkEATDj8QWg.d.HH0gogYUM/3OS7xSHCK3v/gqZkamqje', NULL, NULL),
(842, 'JohnyJohn460', 'Johny', 'John', 'default.png', 1, '774johnjohnyslongfortesting@gmail.com', 1, '$2b$12$HIhLLEWuUb62bRLrjAv7b.y7wBH5/0rmJwSxK8GftojdX.GvEEBYu', NULL, NULL),
(843, 'JohnyJohn486', 'Johny', 'John', 'default.png', 1, '775johnjohnyslongfortesting@gmail.com', 1, '$2b$12$6AetJINb5W.XBYxiR1FjV.W795n6Gf70D.zHIUCDSPiBb60HSFDA2', NULL, NULL),
(844, 'JohnyJohn037', 'Johny', 'John', 'default.png', 1, '776johnjohnyslongfortesting@gmail.com', 1, '$2b$12$I/NtDWZTho2R5ecXp7IG4.RgK.v6loXNDGvmuBWZJswX3VKNI5.O2', NULL, NULL),
(845, 'JohnyJohn226', 'Johny', 'John', 'default.png', 1, '777johnjohnyslongfortesting@gmail.com', 1, '$2b$12$wE1IqntKGBs3QwxIh6UVw.pR9Y8UWxv3188ComOrtcGZM2mu.6rNG', NULL, NULL),
(846, 'JohnyJohn975', 'Johny', 'John', 'default.png', 1, '778johnjohnyslongfortesting@gmail.com', 1, '$2b$12$reo5wcaUwr5AghG7DBda9eZY5sK7P7Uwpjb.aFWdMgOMNihvUoeZC', NULL, NULL),
(847, 'JohnyJohn120', 'Johny', 'John', 'default.png', 1, '779johnjohnyslongfortesting@gmail.com', 1, '$2b$12$sirEDHCEi5.BsX0RpYUzXeb77/mwMUjdeM7NEB2tAgkcwfY15TNbW', NULL, NULL),
(848, 'JohnyJohn559', 'Johny', 'John', 'default.png', 1, '780johnjohnyslongfortesting@gmail.com', 1, '$2b$12$m3VCApp49rnJyUYh32pMWehQ4BO2R14LJ/L7B/Uea8uHLBUdWnL3m', NULL, NULL),
(849, 'JohnyJohn943', 'Johny', 'John', 'default.png', 1, '781johnjohnyslongfortesting@gmail.com', 1, '$2b$12$YY0.tOe.W39yK7dyhYR/s.jrrKIdSgrXVYJ7udahNqHH10H0goGjO', NULL, NULL),
(850, 'JohnyJohn122', 'Johny', 'John', 'default.png', 1, '782johnjohnyslongfortesting@gmail.com', 1, '$2b$12$aZVDAlSllLsm5JHioo2XFOHQd1fd9LGnUEdAsFIMEiMpwlXZ6QtTK', NULL, NULL),
(851, 'JohnyJohn902', 'Johny', 'John', 'default.png', 1, '783johnjohnyslongfortesting@gmail.com', 1, '$2b$12$AkSMX4ZctoMykar9sdkgauu6soN4/o7HLMdTq77IUhG82SumaMtim', NULL, NULL),
(852, 'JohnyJohn984', 'Johny', 'John', 'default.png', 1, '784johnjohnyslongfortesting@gmail.com', 1, '$2b$12$16U0d98UkVp3hfeXNUSyWuLxR8sovkFS9p2ub3XeePgW/C/wNtKFe', NULL, NULL),
(853, 'JohnyJohn367', 'Johny', 'John', 'default.png', 1, '785johnjohnyslongfortesting@gmail.com', 1, '$2b$12$HWVd9hvV1eVyaL/6LR6b9uFVZHlQ9PDTC2ubr1VU.SVKBelniUvmy', NULL, NULL),
(854, 'JohnyJohn317', 'Johny', 'John', 'default.png', 1, '786johnjohnyslongfortesting@gmail.com', 1, '$2b$12$UsrtISwBM1JFK1UpS5jEHeYz73GL01N98YvdU7IrfoPfU5uSpnUGS', NULL, NULL),
(855, 'JohnyJohn261', 'Johny', 'John', 'default.png', 1, '787johnjohnyslongfortesting@gmail.com', 1, '$2b$12$NaGqogmUbUtjiXLAPud5H.YD0zbB8zYsXUYcqSrOqQyuJjwY5dHka', NULL, NULL),
(856, 'JohnyJohn489', 'Johny', 'John', 'default.png', 1, '788johnjohnyslongfortesting@gmail.com', 1, '$2b$12$xaii8XVNPoLnlC8znQI2U.7U6YPl51dUnbxJCmS.kQJ1kj8gn23C2', NULL, NULL),
(857, 'JohnyJohn639', 'Johny', 'John', 'default.png', 1, '789johnjohnyslongfortesting@gmail.com', 1, '$2b$12$i21o5.E2PouiVbVms0CI2.vqkrCHc/ZEdIlY/kLh9W/OUOlOATaIq', NULL, NULL),
(858, 'JohnyJohn338', 'Johny', 'John', 'default.png', 1, '790johnjohnyslongfortesting@gmail.com', 1, '$2b$12$hDYqklYUzDU0ol45wEecheFtgqOobc/Q7EnR.GtxJe36p5zBYwbc2', NULL, NULL),
(859, 'JohnyJohn630', 'Johny', 'John', 'default.png', 1, '791johnjohnyslongfortesting@gmail.com', 1, '$2b$12$MTH78aEZrZJrXsX8yf6iAe1I/824uzjijnDF35Zrtus9mXJtESbhy', NULL, NULL),
(860, 'JohnyJohn563', 'Johny', 'John', 'default.png', 1, '792johnjohnyslongfortesting@gmail.com', 1, '$2b$12$jCZeGbZy/mXXn8Ql54/M.ePYjz8qTlMMjAayMK489f1l10uXa7gVy', NULL, NULL),
(861, 'JohnyJohn125', 'Johny', 'John', 'default.png', 1, '793johnjohnyslongfortesting@gmail.com', 1, '$2b$12$9FKm29S3ZonQARzR6gH/SuX05eu2qDOOOboYAws3A4TBMv02byWP6', NULL, NULL),
(862, 'JohnyJohn954', 'Johny', 'John', 'default.png', 1, '794johnjohnyslongfortesting@gmail.com', 1, '$2b$12$Yhz4gz3JZDdKOXtGOAPHAeBsDh.kIhyis6P4AVBr5oiLA1p/Ull5e', NULL, NULL),
(863, 'JohnyJohn617', 'Johny', 'John', 'default.png', 1, '795johnjohnyslongfortesting@gmail.com', 1, '$2b$12$BEEQZZCVEUbb0h2RiaH/Q.LlaGRn/H5o/Ai6Tw/8Py7mTYvbjsd2q', NULL, NULL),
(864, 'JohnyJohn938', 'Johny', 'John', 'default.png', 1, '796johnjohnyslongfortesting@gmail.com', 1, '$2b$12$7s4bBJtixDZ7Y1lcF6srIuU6bPVKTVAD5nHQFNOjHARyukI03ejiS', NULL, NULL),
(865, 'JohnyJohn781', 'Johny', 'John', 'default.png', 1, '797johnjohnyslongfortesting@gmail.com', 1, '$2b$12$7XbQelRlF7cenm1SVtGncOMy0XnSN447ffaFKgHXILEWNLRdUP4ke', NULL, NULL),
(866, 'JohnyJohn640', 'Johny', 'John', 'default.png', 1, '798johnjohnyslongfortesting@gmail.com', 1, '$2b$12$tB11vEo5WkAEz8ZG6qgaROIDgRsrZjfdfXmcu5GmUuafHo02qKn/e', NULL, NULL),
(867, 'JohnyJohn808', 'Johny', 'John', 'default.png', 1, '799johnjohnyslongfortesting@gmail.com', 1, '$2b$12$apIWqmHqlrCYEzjis3x30ODKsoRx7yES2PUPUYIZVEoBt3q2C5VV2', NULL, NULL);
INSERT INTO `users` (`user_id`, `username`, `first_name`, `last_name`, `picture`, `avatar_id`, `email`, `school_id`, `ssb`, `last_login`, `role`) VALUES
(868, 'JohnyJohn169', 'Johny', 'John', 'default.png', 1, '800johnjohnyslongfortesting@gmail.com', 1, '$2b$12$MrY8eFW0fLtJrQj4eGvxEeg4iz5vPhkS/2qOwoqQCus.QwPo5Dspa', NULL, NULL),
(869, 'JohnyJohn172', 'Johny', 'John', 'default.png', 1, '801johnjohnyslongfortesting@gmail.com', 1, '$2b$12$FpmLSXedVgdBqGQSjv.QgOOFDHuWZwMUhFA1Wo28BHYML09.IiIIu', NULL, NULL),
(870, 'JohnyJohn188', 'Johny', 'John', 'default.png', 1, '802johnjohnyslongfortesting@gmail.com', 1, '$2b$12$1CtNbHR86Skudr2oYLJp8OTeVw82.Hso.waWfKFjRrfGfg41ZdHtC', NULL, NULL),
(871, 'JohnyJohn138', 'Johny', 'John', 'default.png', 1, '803johnjohnyslongfortesting@gmail.com', 1, '$2b$12$7tOVma0lCreRq67iLxR7aO6KNGycHjZy1kaOvhPbqspgV/G.5hqNm', NULL, NULL),
(872, 'JohnyJohn151', 'Johny', 'John', 'default.png', 1, '804johnjohnyslongfortesting@gmail.com', 1, '$2b$12$pmLpkAc3zSdrNQFyLDSjgu2AcUJNxIBqD7f.LP/aefo.cG4KefD4m', NULL, NULL),
(873, 'JohnyJohn625', 'Johny', 'John', 'default.png', 1, '805johnjohnyslongfortesting@gmail.com', 1, '$2b$12$T7KRkYKfwOve4ikbh5pBhO0f.oXzefJx.00McuC1IreWbr6MGHDXS', NULL, NULL),
(874, 'JohnyJohn493', 'Johny', 'John', 'default.png', 1, '806johnjohnyslongfortesting@gmail.com', 1, '$2b$12$tcVpo/Put2d3WMare80GOe76mLiXPpcHNJaqLPsiTTOIAM77Pr3P6', NULL, NULL),
(875, 'JohnyJohn857', 'Johny', 'John', 'default.png', 1, '807johnjohnyslongfortesting@gmail.com', 1, '$2b$12$CV6SzoAFhGhtv4ujJHvXtObsu4fdqYS1lBbY5/20sfT/R35F0PLnG', NULL, NULL),
(876, 'JohnyJohn999', 'Johny', 'John', 'default.png', 1, '808johnjohnyslongfortesting@gmail.com', 1, '$2b$12$WCP3B3doVorblB0/f7ccQejzcEq/Y8QaXGucN9V3mU07nugndQubm', NULL, NULL),
(877, 'JohnyJohn203', 'Johny', 'John', 'default.png', 1, '809johnjohnyslongfortesting@gmail.com', 1, '$2b$12$Mc5IVwXHaYLqpipyFq5ovu6DofsOi39l/xS0STzEjVFkHx/ng5kr6', NULL, NULL),
(878, 'JohnyJohn844', 'Johny', 'John', 'default.png', 1, '810johnjohnyslongfortesting@gmail.com', 1, '$2b$12$.mGZ1acvYHgLHKucAl6kUOc33bHpq33rgaCy0FuZ8NzD.yxTTve7q', NULL, NULL),
(879, 'JohnyJohn837', 'Johny', 'John', 'default.png', 1, '811johnjohnyslongfortesting@gmail.com', 1, '$2b$12$h19N8rNc/2HDIcBd13vBB.FKZz6ZHbMPG9pnAuA.hmFP7YI.gwXom', NULL, NULL),
(880, 'JohnyJohn048', 'Johny', 'John', 'default.png', 1, '812johnjohnyslongfortesting@gmail.com', 1, '$2b$12$KussTQudN//L69CXvlwsTeMNMx2cVMZqO/.I/bP9/irP.8..Kmaai', NULL, NULL),
(881, 'JohnyJohn207', 'Johny', 'John', 'default.png', 1, '813johnjohnyslongfortesting@gmail.com', 1, '$2b$12$63PxPPayaCZlEbFjmckVfuBCnUhm6fV7pzoFBaItQudkhzc1PiWHG', NULL, NULL),
(882, 'JohnyJohn537', 'Johny', 'John', 'default.png', 1, '814johnjohnyslongfortesting@gmail.com', 1, '$2b$12$0DiO9FFfaIJklAYrL9oCQOQNJWBu9AXgHNKqBTdARFVrq9PObu.Lu', NULL, NULL),
(883, 'JohnyJohn000', 'Johny', 'John', 'default.png', 1, '815johnjohnyslongfortesting@gmail.com', 1, '$2b$12$wICyAzG9UOXc9O3PYThxE.4AX3kzdIWJtwBtZajt6vphPNbRnVv..', NULL, NULL),
(884, 'JohnyJohn969', 'Johny', 'John', 'default.png', 1, '816johnjohnyslongfortesting@gmail.com', 1, '$2b$12$99ZrLYSRoOKi60xYtrzsn.GVAOzh15u9c/96ZBJReD43WVyCXumiO', NULL, NULL),
(885, 'JohnyJohn204', 'Johny', 'John', 'default.png', 1, '817johnjohnyslongfortesting@gmail.com', 1, '$2b$12$kpP.Bi2gZdjkPXyNY3VaYupJwQtWSGmMkC/E.32rhq2jeIBL5R94W', NULL, NULL),
(886, 'JohnyJohn772', 'Johny', 'John', 'default.png', 1, '818johnjohnyslongfortesting@gmail.com', 1, '$2b$12$bgcUvoJ5GQsRVLTAZct69O5Wnse5jGSYLWfVBhlD87WDZS/IAiFOi', NULL, NULL),
(887, 'JohnyJohn376', 'Johny', 'John', 'default.png', 1, '819johnjohnyslongfortesting@gmail.com', 1, '$2b$12$u7DTB2v3l9Q.uolR6.vRTurQ9RE41Im5A0KO.V6SYZ1ERF1pY2nmK', NULL, NULL),
(888, 'JohnyJohn262', 'Johny', 'John', 'default.png', 1, '820johnjohnyslongfortesting@gmail.com', 1, '$2b$12$34kOW3H2HVqYfzpdUNn13up/cqNNO1eF3RkBMd/K7gitegcx6Dici', NULL, NULL),
(889, 'JohnyJohn156', 'Johny', 'John', 'default.png', 1, '821johnjohnyslongfortesting@gmail.com', 1, '$2b$12$.GKjSMlEjxgOos2SwV4ePOqY.GotFM5.AxrRAtqHoMLQ0E5bBt40G', NULL, NULL),
(890, 'JohnyJohn521', 'Johny', 'John', 'default.png', 1, '822johnjohnyslongfortesting@gmail.com', 1, '$2b$12$9kfwpLeV8T87P5jvH1rQyuoTIaY.8yUQMX/otYzueVFBsU2P9zLl.', NULL, NULL),
(891, 'JohnyJohn741', 'Johny', 'John', 'default.png', 1, '823johnjohnyslongfortesting@gmail.com', 1, '$2b$12$4J9uW0mG6JBo.Bvid3MAmuf8KBpdCXSiWsooJ7w0iKs6qynppT/tq', NULL, NULL),
(892, 'JohnyJohn191', 'Johny', 'John', 'default.png', 1, '824johnjohnyslongfortesting@gmail.com', 1, '$2b$12$dJ5FZGZjsA2yIqLTTBgLpOsTMmfdxdXigMPzp6EFZPNSBvRIB8XZe', NULL, NULL),
(893, 'JohnyJohn216', 'Johny', 'John', 'default.png', 1, '825johnjohnyslongfortesting@gmail.com', 1, '$2b$12$7ZEiuWyHfG1anpBMy8WUA.h2lq2kqQmVwaxlt4hxnGE4IWt/TpLuW', NULL, NULL),
(894, 'JohnyJohn496', 'Johny', 'John', 'default.png', 1, '826johnjohnyslongfortesting@gmail.com', 1, '$2b$12$/QTu.Q/Ve3cT2NiS024BOOzq3bRZ0ByKq5IjKjUw0vS8D71aV0nMm', NULL, NULL),
(895, 'JohnyJohn838', 'Johny', 'John', 'default.png', 1, '827johnjohnyslongfortesting@gmail.com', 1, '$2b$12$D49DLkaTkpOtfAa40/KVVOX2bU22.bq2qjU9fIcVtzaw26BWqcqmC', NULL, NULL),
(896, 'JohnyJohn173', 'Johny', 'John', 'default.png', 1, '828johnjohnyslongfortesting@gmail.com', 1, '$2b$12$Bz7VsF50jXpn.uUZjd8lgeV/TwCsBwtEp87gD0geNfA5PwsoYiGRG', NULL, NULL),
(897, 'JohnyJohn018', 'Johny', 'John', 'default.png', 1, '829johnjohnyslongfortesting@gmail.com', 1, '$2b$12$BuF.kalwhUWDcJzkHAOyxedBVncVJUoDmnjLwUdG/Lfy3/tOsgWmW', NULL, NULL),
(898, 'JohnyJohn977', 'Johny', 'John', 'default.png', 1, '830johnjohnyslongfortesting@gmail.com', 1, '$2b$12$5piyrY8.Q.6uJPrnwskPkOLe4SS665X/Wwz2N1mjysxPgdWMA4IcC', NULL, NULL),
(899, 'JohnyJohn164', 'Johny', 'John', 'default.png', 1, '831johnjohnyslongfortesting@gmail.com', 1, '$2b$12$tTFDaICjjR/.FbrZrqIN6.B6Es14HGTORc21H0pkHYIgqf9yAbTym', NULL, NULL),
(900, 'JohnyJohn079', 'Johny', 'John', 'default.png', 1, '832johnjohnyslongfortesting@gmail.com', 1, '$2b$12$XxOG3dtDkud9H64604ChbeOndSxMqbKVreziU7.yAsbM31kjJ15M.', NULL, NULL),
(901, 'JohnyJohn499', 'Johny', 'John', 'default.png', 1, '833johnjohnyslongfortesting@gmail.com', 1, '$2b$12$niTQwbSA.DYlggxaNunUDOL/vn5v71hpKbuUdAcplNawckfRwZ43W', NULL, NULL),
(902, 'JohnyJohn774', 'Johny', 'John', 'default.png', 1, '834johnjohnyslongfortesting@gmail.com', 1, '$2b$12$LTVZwHsLeQ6sKqACtdrnp.CLCDvZ88VZsV1B.Tc9bmuOMTanSWTsm', NULL, NULL),
(903, 'JohnyJohn059', 'Johny', 'John', 'default.png', 1, '835johnjohnyslongfortesting@gmail.com', 1, '$2b$12$pa8Ch0GMMHTAIHdTkMkaZe01B0RQ27vw3b0HpwTOvw9hoifLNn3NC', NULL, NULL),
(904, 'JohnyJohn378', 'Johny', 'John', 'default.png', 1, '836johnjohnyslongfortesting@gmail.com', 1, '$2b$12$DFy0C8xbBeEWEexsq/5/yOagjDMhU.tDqzCtVtPP3K1f2R.abwOma', NULL, NULL),
(905, 'JohnyJohn336', 'Johny', 'John', 'default.png', 1, '837johnjohnyslongfortesting@gmail.com', 1, '$2b$12$PkedrdIzZPuFskop1ExMU.REL4ThiClGbAqDZun94djL3v6RCJG3m', NULL, NULL),
(906, 'JohnyJohn107', 'Johny', 'John', 'default.png', 1, '838johnjohnyslongfortesting@gmail.com', 1, '$2b$12$tQXpGV1i5MlXsjwVkYTwN.Xeveh8Dq.UL139CtNlnq1VwKVlEC9zO', NULL, NULL),
(907, 'JohnyJohn516', 'Johny', 'John', 'default.png', 1, '839johnjohnyslongfortesting@gmail.com', 1, '$2b$12$lnuAzWn9Kxbsx1rKCqup6OmgIsl04c0SPQR2c83CSu/MrGo92b60e', NULL, NULL),
(908, 'JohnyJohn776', 'Johny', 'John', 'default.png', 1, '840johnjohnyslongfortesting@gmail.com', 1, '$2b$12$cezI8z5zaobjCqSzm..bs.cXwo8RbCxIFZh.RHc6yJA3p8X8egVY.', NULL, NULL),
(909, 'JohnyJohn323', 'Johny', 'John', 'default.png', 1, '841johnjohnyslongfortesting@gmail.com', 1, '$2b$12$h60Ndyb885Mr8tBDDNzWDe1iyd2h6BzTGuWm33b1fdadI.dNllOxa', NULL, NULL),
(910, 'JohnyJohn522', 'Johny', 'John', 'default.png', 1, '842johnjohnyslongfortesting@gmail.com', 1, '$2b$12$SGZKuv5lmNgcXWOseho9j.uBPDoz68ZAGqY.nbyrI3SMbbWs/cXRi', NULL, NULL),
(911, 'JohnyJohn068', 'Johny', 'John', 'default.png', 1, '843johnjohnyslongfortesting@gmail.com', 1, '$2b$12$nGR0pfBK/nvA6/D.ajKTX.SV74z2loFXjREcbyhXq.2Pz/a2HJBbG', NULL, NULL),
(912, 'JohnyJohn010', 'Johny', 'John', 'default.png', 1, '844johnjohnyslongfortesting@gmail.com', 1, '$2b$12$YIEkB0w6BAFr5eGPXlreS.7xpspGk5GQ9utXa5UqBvrYNF2cTvBIy', NULL, NULL),
(913, 'JohnyJohn584', 'Johny', 'John', 'default.png', 1, '845johnjohnyslongfortesting@gmail.com', 1, '$2b$12$VZUi5Mddqab3AWBpU12yVeGY4TxbzhBpC5womMvE.3XxlsQl3Uizm', NULL, NULL),
(914, 'JohnyJohn939', 'Johny', 'John', 'default.png', 1, '846johnjohnyslongfortesting@gmail.com', 1, '$2b$12$fYV3R7y9Vo9DEmupIEjEwOid870BGWz10rVYmv.g0AGpXbUQhrygu', NULL, NULL),
(915, 'JohnyJohn889', 'Johny', 'John', 'default.png', 1, '847johnjohnyslongfortesting@gmail.com', 1, '$2b$12$tPH/82UlI7PPNj0AVZPKP.YFenG3HEL.nQL8LVUba/c0r6uIdwb/C', NULL, NULL),
(916, 'JohnyJohn778', 'Johny', 'John', 'default.png', 1, '848johnjohnyslongfortesting@gmail.com', 1, '$2b$12$8OvYEnJStmf4BCIQ38zBF.J0fksUGg6g9zh0PNT9/WPdXc6R6nleu', NULL, NULL),
(917, 'JohnyJohn523', 'Johny', 'John', 'default.png', 1, '849johnjohnyslongfortesting@gmail.com', 1, '$2b$12$zn2WGQ7MtEndpGI0DGrTWOFnMZIt.gPOZkV1h7Fgcuf7Y4jIMbZsW', NULL, NULL),
(918, 'JohnyJohn033', 'Johny', 'John', 'default.png', 1, '850johnjohnyslongfortesting@gmail.com', 1, '$2b$12$kCFINE2U.ltsyXHEWnjXquaDZxA8FVwnV7I6y6uuLMpfpnkN9lQm2', NULL, NULL),
(919, 'JohnyJohn940', 'Johny', 'John', 'default.png', 1, '851johnjohnyslongfortesting@gmail.com', 1, '$2b$12$cjJVZQU.2KGv6I8OB4HBdu5w65njDQ91UagoOwKiak85p/E0nmv/.', NULL, NULL),
(920, 'JohnyJohn015', 'Johny', 'John', 'default.png', 1, '852johnjohnyslongfortesting@gmail.com', 1, '$2b$12$JmwIHlT/6M.F7GtIeVL21eMKh4zfi1vuqJXoCy1BvXgN0AN1Knxie', NULL, NULL),
(921, 'JohnyJohn524', 'Johny', 'John', 'default.png', 1, '853johnjohnyslongfortesting@gmail.com', 1, '$2b$12$s6v6iyDSfCfKOIgUhjCEhOzJTKtGO70FZUAC2P72x8pLapW4nDL4i', NULL, NULL),
(922, 'JohnyJohn600', 'Johny', 'John', 'default.png', 1, '854johnjohnyslongfortesting@gmail.com', 1, '$2b$12$s4t0sPgyskb06EMBJg1IlOU1mlK3FXfOI0ZzZl1k5rUuHcoecr7Ii', NULL, NULL),
(923, 'JohnyJohn296', 'Johny', 'John', 'default.png', 1, '855johnjohnyslongfortesting@gmail.com', 1, '$2b$12$9Psmdzyh6YkCrX49E.mHfObOdr4dl4oAdTy9w6sOA.hh.1ZIfgWzG', NULL, NULL),
(924, 'JohnyJohn785', 'Johny', 'John', 'default.png', 1, '856johnjohnyslongfortesting@gmail.com', 1, '$2b$12$KtupJsrohAMuAExfrW8JNuNI46kr9oNBMCsoyvgagpZHHP6bC4CYi', NULL, NULL),
(925, 'JohnyJohn787', 'Johny', 'John', 'default.png', 1, '857johnjohnyslongfortesting@gmail.com', 1, '$2b$12$dJQ4eXIQmpQkWu3n5725ku1vN//clK2vsJF/EfIKrKWIViHidYtDG', NULL, NULL),
(926, 'JohnyJohn170', 'Johny', 'John', 'default.png', 1, '858johnjohnyslongfortesting@gmail.com', 1, '$2b$12$UGNieLmPoePK6HaBEtc6h.rJFhPiH8..zX3JQxWVs436FLJyn8sPG', NULL, NULL),
(927, 'JohnyJohn839', 'Johny', 'John', 'default.png', 1, '859johnjohnyslongfortesting@gmail.com', 1, '$2b$12$.QSVDRGp11LTK5dumeqT6eBzRlfQDCCtCnknwKszpKQoncf/XpXWu', NULL, NULL),
(928, 'JohnyJohn948', 'Johny', 'John', 'default.png', 1, '860johnjohnyslongfortesting@gmail.com', 1, '$2b$12$gy9u9F8ozJQQjGOiAEsof.OueoAC/YBkhnQyIho2UWb2ksj1JEsKK', NULL, NULL),
(929, 'JohnyJohn297', 'Johny', 'John', 'default.png', 1, '861johnjohnyslongfortesting@gmail.com', 1, '$2b$12$34i/dCJ4Pi7NGNLjDVUkI.TFQITxOyoJidZWRyDO5jrYJi/qvRNdK', NULL, NULL),
(930, 'JohnyJohn525', 'Johny', 'John', 'default.png', 1, '862johnjohnyslongfortesting@gmail.com', 1, '$2b$12$fVXgf5Nt/DqpDi39p6VOq.2CLUhMpc5Hqqj5YE3dc82.nYoeeF3PK', NULL, NULL),
(931, 'JohnyJohn986', 'Johny', 'John', 'default.png', 1, '863johnjohnyslongfortesting@gmail.com', 1, '$2b$12$uVpkzQE5yTzmn/.FOZ1rOujJpE/hYo2wxb1ctsoxgIYFDjU1gtnsS', NULL, NULL),
(932, 'JohnyJohn610', 'Johny', 'John', 'default.png', 1, '864johnjohnyslongfortesting@gmail.com', 1, '$2b$12$pt8thiT1I2htSi6KbWX.cOCfUrGF3hEUgxnglB1LxhFWjimBm8RNS', NULL, NULL),
(933, 'JohnyJohn731', 'Johny', 'John', 'default.png', 1, '865johnjohnyslongfortesting@gmail.com', 1, '$2b$12$6asX0B2cR955ditDEartsuiR2uRldvBEUwZg0e00I4yfjGyBIXK.a', NULL, NULL),
(934, 'JohnyJohn983', 'Johny', 'John', 'default.png', 1, '866johnjohnyslongfortesting@gmail.com', 1, '$2b$12$LjPBd5GRYAIj9WMWYH5avumH36wQD4svCo2anbnDzI3mrIsoFRDLK', NULL, NULL),
(935, 'JohnyJohn587', 'Johny', 'John', 'default.png', 1, '867johnjohnyslongfortesting@gmail.com', 1, '$2b$12$yA43JvKnmI8jfFN6SYINpOB9yt1sU1Ysoz9C86S9tEcDz0Zc395cG', NULL, NULL),
(936, 'JohnyJohn796', 'Johny', 'John', 'default.png', 1, '868johnjohnyslongfortesting@gmail.com', 1, '$2b$12$1X0rTUkZbhInVUuk9G0yeehGu9RHuOfYYnZW.snmi8ch4DWV5k3em', NULL, NULL),
(937, 'JohnyJohn174', 'Johny', 'John', 'default.png', 1, '869johnjohnyslongfortesting@gmail.com', 1, '$2b$12$jjHVwNB/plS13g5tfw7wJ.hqc5jMqLjJhjnOt.5JCeu4rwc1SwKau', NULL, NULL),
(938, 'JohnyJohn890', 'Johny', 'John', 'default.png', 1, '870johnjohnyslongfortesting@gmail.com', 1, '$2b$12$NBQR3jbu5RXEAMOZDN/FE.4ABNVWWvPxLm/8brf5MGrLysiMoU2hC', NULL, NULL),
(939, 'JohnyJohn571', 'Johny', 'John', 'default.png', 1, '871johnjohnyslongfortesting@gmail.com', 1, '$2b$12$oxEp0XKPj6RhfNraPKUFm.KG260qEg3f.jVjryizSa5M81JCGc6.W', NULL, NULL),
(940, 'JohnyJohn809', 'Johny', 'John', 'default.png', 1, '872johnjohnyslongfortesting@gmail.com', 1, '$2b$12$qLrT8FSMNLZUYQcX5PL.ruZOu56nSf.a6qfaeqWLBDnT3NEqnWfYq', NULL, NULL),
(941, 'JohnyJohn737', 'Johny', 'John', 'default.png', 1, '873johnjohnyslongfortesting@gmail.com', 1, '$2b$12$JpUkVLjI9xT85pLpSCJVRO1bTYU5kmQ6/wEKrvdEJN0A/9Bir860W', NULL, NULL),
(942, 'JohnyJohn175', 'Johny', 'John', 'default.png', 1, '874johnjohnyslongfortesting@gmail.com', 1, '$2b$12$vqU8D915N9sOiVQh3zHRPekMkZcxnTQOpGvDUyqwTjZEjhNA4LZXC', NULL, NULL),
(943, 'JohnyJohn527', 'Johny', 'John', 'default.png', 1, '875johnjohnyslongfortesting@gmail.com', 1, '$2b$12$Rf40fOi.GW1MmaY.NdZ6l.JqK0.pTzmtN3G7mSPffpJo9mATAU0ci', NULL, NULL),
(944, 'JohnyJohn275', 'Johny', 'John', 'default.png', 1, '876johnjohnyslongfortesting@gmail.com', 1, '$2b$12$t3pVGjGkMkvDjtX6.yx8hO9vmFAQ/yXpxEsIwBGSav02Ay5EOnI.C', NULL, NULL),
(945, 'JohnyJohn311', 'Johny', 'John', 'default.png', 1, '877johnjohnyslongfortesting@gmail.com', 1, '$2b$12$XQlL.KJlYvVAeQgi3pQ/CuZO90uJeAlNb/HfSPjswLD.1WGqMZ8Na', NULL, NULL),
(946, 'JohnyJohn530', 'Johny', 'John', 'default.png', 1, '878johnjohnyslongfortesting@gmail.com', 1, '$2b$12$8jocvV9FSjalRRJHrTpPhOGso7aVbQR0VMyL6WqSVfny5plqA8uoy', NULL, NULL),
(947, 'JohnyJohn850', 'Johny', 'John', 'default.png', 1, '879johnjohnyslongfortesting@gmail.com', 1, '$2b$12$aq1/K687.qC8IKXU3yfT8O2UmRhusBaAmK.u1dTGF/PsXTxgmYoa.', NULL, NULL),
(948, 'JohnyJohn542', 'Johny', 'John', 'default.png', 1, '880johnjohnyslongfortesting@gmail.com', 1, '$2b$12$8uC7qdZ3l7gRZFizDiK3FukNgt6/SFS6qWl5wNuwEWpAoq9YqoOt2', NULL, NULL),
(949, 'JohnyJohn847', 'Johny', 'John', 'default.png', 1, '881johnjohnyslongfortesting@gmail.com', 1, '$2b$12$9ZHJfzlAMf30CRNR4cviNueV94Qcg/qAEgOGLzsFyJvKLw7CgENyC', NULL, NULL),
(950, 'JohnyJohn988', 'Johny', 'John', 'default.png', 1, '882johnjohnyslongfortesting@gmail.com', 1, '$2b$12$RR07pPR2IBPygYrb3E3Nc.s/TRNoUjKEAuooUrPvXdFaAjut4Ha.m', NULL, NULL),
(951, 'JohnyJohn544', 'Johny', 'John', 'default.png', 1, '883johnjohnyslongfortesting@gmail.com', 1, '$2b$12$GTZEtqBVD/6oe3lmkomqeerSMt1NfYfI6YzBz9kWhgO9YCUe.16Um', NULL, NULL),
(952, 'JohnyJohn069', 'Johny', 'John', 'default.png', 1, '884johnjohnyslongfortesting@gmail.com', 1, '$2b$12$PTPn3yPXM2FOZekxINQwGu7fMDLQqvnqqtgjtA2I93GLIdwTEnbRW', NULL, NULL),
(953, 'JohnyJohn605', 'Johny', 'John', 'default.png', 1, '885johnjohnyslongfortesting@gmail.com', 1, '$2b$12$rxYnKTOhlT16VIblAhy0eOvSfQaQvLI4bJGupY3nTuy3Je2rEH.k.', NULL, NULL),
(954, 'JohnyJohn738', 'Johny', 'John', 'default.png', 1, '886johnjohnyslongfortesting@gmail.com', 1, '$2b$12$sXEekKdagiBsfabXbIlZteyVqh0RKdSRgSTEl2V1Zo0pAnr7w5mgm', NULL, NULL),
(955, 'JohnyJohn266', 'Johny', 'John', 'default.png', 1, '887johnjohnyslongfortesting@gmail.com', 1, '$2b$12$HANePcPpj519utq9BXs85.BAWuB9eNJ3tzLPRRkXGOCRMcK/.Uwx.', NULL, NULL),
(956, 'JohnyJohn842', 'Johny', 'John', 'default.png', 1, '888johnjohnyslongfortesting@gmail.com', 1, '$2b$12$bZvIXl42XCuDERFKC96F0.ZZiwaWxYrphgB7ae7W082NpoNebphSO', NULL, NULL),
(957, 'JohnyJohn990', 'Johny', 'John', 'default.png', 1, '889johnjohnyslongfortesting@gmail.com', 1, '$2b$12$97q8.OHpjF7KI4pdMzrvduJNFQe6rJ4/aDTPDR5JO5iyyUtf3cmB.', NULL, NULL),
(958, 'JohnyJohn993', 'Johny', 'John', 'default.png', 1, '890johnjohnyslongfortesting@gmail.com', 1, '$2b$12$vhAL4VK8X.EHrtDB4hbp9OPAR.qcdfyoXruI4vONt7wM.U/DWQWIa', NULL, NULL),
(959, 'JohnyJohn176', 'Johny', 'John', 'default.png', 1, '891johnjohnyslongfortesting@gmail.com', 1, '$2b$12$YJMUgxTD8CCCAMS4jrnXBOaOWJpGNlw1ZjSTfhKKSQ2Cz1HJ0xck2', NULL, NULL),
(960, 'JohnyJohn556', 'Johny', 'John', 'default.png', 1, '892johnjohnyslongfortesting@gmail.com', 1, '$2b$12$BSO0tWZCUi6Qcl2IjHD2p.xOBn5f/yIYpW5VAGMkpSRE4DerkNaoi', NULL, NULL),
(961, 'JohnyJohn021', 'Johny', 'John', 'default.png', 1, '893johnjohnyslongfortesting@gmail.com', 1, '$2b$12$qLGKa2hk9In/mual6K74Q.zLdJhx7CYz9PrHttCa7zq.EJLQ0w0AW', NULL, NULL),
(962, 'JohnyJohn557', 'Johny', 'John', 'default.png', 1, '894johnjohnyslongfortesting@gmail.com', 1, '$2b$12$t/6Pn94O8QEgx6rRDGI8hOVmzrn5C4rwInyL.pwrfaZyp9hMhKxoK', NULL, NULL),
(963, 'JohnyJohn045', 'Johny', 'John', 'default.png', 1, '895johnjohnyslongfortesting@gmail.com', 1, '$2b$12$ZssOMIVHvUSQ0JINtIM.yOGR.AIleV4YUCqcyEdQg4kMgrEo3D20u', NULL, NULL),
(964, 'JohnyJohn611', 'Johny', 'John', 'default.png', 1, '896johnjohnyslongfortesting@gmail.com', 1, '$2b$12$NnYykTo1RJ0R3K7X0DSsdeJ66jJo47yu5dkOyMfzefyC0c7GXK/su', NULL, NULL),
(965, 'JohnyJohn588', 'Johny', 'John', 'default.png', 1, '897johnjohnyslongfortesting@gmail.com', 1, '$2b$12$Z6Wpa7YDDfuZuwW68O/V4e7pbsItY2Kumpdoch.0oCT60SgcDJ0pu', NULL, NULL),
(966, 'JohnyJohn001', 'Johny', 'John', 'default.png', 1, '898johnjohnyslongfortesting@gmail.com', 1, '$2b$12$Hpo.kJu6dcnMJ0HnQtMwZejJkrsqu.3ODCMf3tCdLIQwwCbiaAYZG', NULL, NULL),
(967, 'JohnyJohn788', 'Johny', 'John', 'default.png', 1, '899johnjohnyslongfortesting@gmail.com', 1, '$2b$12$5daof9WNFGZRRXKrA6HuAui/l8aS/YxJK3lZzLBDf/eVFYuOF4XNu', NULL, NULL),
(968, 'JohnyJohn046', 'Johny', 'John', 'default.png', 1, '900johnjohnyslongfortesting@gmail.com', 1, '$2b$12$aNh.OavQCIiCnDVlBuVBTevNmbRzea0kdB5mPqRsOobT7mbreHngC', NULL, NULL),
(969, 'JohnyJohn002', 'Johny', 'John', 'default.png', 1, '901johnjohnyslongfortesting@gmail.com', 1, '$2b$12$ZiZgKwJ2467y96WNHMc.QeatoPk1pRH4qC05Wb6xSYv.cl5ma4hoK', NULL, NULL),
(970, 'JohnyJohn003', 'Johny', 'John', 'default.png', 1, '902johnjohnyslongfortesting@gmail.com', 1, '$2b$12$qgJ05NRRqC2bOz8FJOVcI.E8awJo1/VswH7PFXCL2hY/wPtA714mO', NULL, NULL),
(971, 'JohnyJohn590', 'Johny', 'John', 'default.png', 1, '903johnjohnyslongfortesting@gmail.com', 1, '$2b$12$temRxoEt/h1fuzbfan0jvOGrUZ6SRJavZgRJE3xyzY/DzvZcw3e0G', NULL, NULL),
(972, 'JohnyJohn101', 'Johny', 'John', 'default.png', 1, '904johnjohnyslongfortesting@gmail.com', 1, '$2b$12$UHwCZP0iTcQnlRVHIJt0wOJ6cQ31UTa8xqv6aoNKdngMwzRjdUTwa', NULL, NULL),
(973, 'JohnyJohn178', 'Johny', 'John', 'default.png', 1, '905johnjohnyslongfortesting@gmail.com', 1, '$2b$12$6j2MxB.udIGbfsVADWRc9.mOZ3vc/70sf4x5nG2d0FH7g4pSmG63y', NULL, NULL),
(974, 'JohnyJohn004', 'Johny', 'John', 'default.png', 1, '906johnjohnyslongfortesting@gmail.com', 1, '$2b$12$ycHwDvu1AnicBJOfQ14Pa.HggEsZ4ytNc4WUGHl6w5nG0dtIm84XK', NULL, NULL),
(975, 'JohnyJohn845', 'Johny', 'John', 'default.png', 1, '907johnjohnyslongfortesting@gmail.com', 1, '$2b$12$68Og/o3uZB0j6wFLrAfpy.kVS1nxt3aUuq7cyN28x1CEtVllRqsYa', NULL, NULL),
(976, 'JohnyJohn592', 'Johny', 'John', 'default.png', 1, '908johnjohnyslongfortesting@gmail.com', 1, '$2b$12$/6nJFITL.l1pLYpbEptGj.Rj4Oo5haigOL5r4VytxcXTiY2JNSHNO', NULL, NULL),
(977, 'JohnyJohn631', 'Johny', 'John', 'default.png', 1, '909johnjohnyslongfortesting@gmail.com', 1, '$2b$12$vM0t/qVOmkDOVk5KFDfzeuSzN8uEpRQG8PhiZbF/UbFEulAtemUte', NULL, NULL),
(978, 'JohnyJohn073', 'Johny', 'John', 'default.png', 1, '910johnjohnyslongfortesting@gmail.com', 1, '$2b$12$1ck3aEjniLbzAmn1w3FH4.pJlzqve7Xn7GzHbgjAyUuvHPeCU.5IG', NULL, NULL),
(979, 'JohnyJohn005', 'Johny', 'John', 'default.png', 1, '911johnjohnyslongfortesting@gmail.com', 1, '$2b$12$/29gNS4NbVKIk8U72eG2xe/craSggAygaxtOZAX4R.RShoVFe7S4u', NULL, NULL),
(980, 'JohnyJohn739', 'Johny', 'John', 'default.png', 1, '912johnjohnyslongfortesting@gmail.com', 1, '$2b$12$VuzDUPmvYJrL.xhSFWPyz..YZpuiUezOVOCB9tNz3gJDesiwsM4wW', NULL, NULL),
(981, 'JohnyJohn006', 'Johny', 'John', 'default.png', 1, '913johnjohnyslongfortesting@gmail.com', 1, '$2b$12$oW.nWPMZRQ5lG.yEmL.glORLv2Ka/JllRncu2hhZrFTEEMfd3yl4O', NULL, NULL),
(982, 'JohnyJohn294', 'Johny', 'John', 'default.png', 1, '914johnjohnyslongfortesting@gmail.com', 1, '$2b$12$2fvuAmWs3izzWHYj6xgAfevdZxiugaG5dYKgBUCO5nx2TNexxgrn6', NULL, NULL),
(983, 'JohnyJohn074', 'Johny', 'John', 'default.png', 1, '915johnjohnyslongfortesting@gmail.com', 1, '$2b$12$cLTyMC2/m1k4Xn2NU7qk2u4SPqcqky/WeQHkqsoDXw2BtoFvV9US.', NULL, NULL),
(984, 'JohnyJohn267', 'Johny', 'John', 'default.png', 1, '916johnjohnyslongfortesting@gmail.com', 1, '$2b$12$.rTCLXofFzAICKcmhI2c3.zJp/VqM2rLfduKnXcIqCwOE9XACYtyC', NULL, NULL),
(985, 'JohnyJohn872', 'Johny', 'John', 'default.png', 1, '917johnjohnyslongfortesting@gmail.com', 1, '$2b$12$jbs9uAdwCqhE8Bw1du0y1O5qzzGaZSLNhmtMvHUVp5HxMdEhHuYWu', NULL, NULL),
(986, 'JohnyJohn593', 'Johny', 'John', 'default.png', 1, '918johnjohnyslongfortesting@gmail.com', 1, '$2b$12$zeolV2Y31uUgnd3k/5eswOefDtFAH6l2P3VstJqbIR7iBvSNVRFNG', NULL, NULL),
(987, 'JohnyJohn007', 'Johny', 'John', 'default.png', 1, '919johnjohnyslongfortesting@gmail.com', 1, '$2b$12$THtJMm7/iAph0rBjqPKuY.VYqI1sxmf/c38SSE9rYnu2ZaDbR8Kcy', NULL, NULL),
(988, 'JohnyJohn635', 'Johny', 'John', 'default.png', 1, '920johnjohnyslongfortesting@gmail.com', 1, '$2b$12$OvSNNtn.DGk/o79I0jVk8.6QBeSvaptLE6w1nfUv7t7i32pGNHP.m', NULL, NULL),
(989, 'JohnyJohn594', 'Johny', 'John', 'default.png', 1, '921johnjohnyslongfortesting@gmail.com', 1, '$2b$12$GAU0Y8hyqSIlzw5wrgyZGO5bP6UCn66vSZ1JsK94hXq9KY/o/iRaG', NULL, NULL),
(990, 'JohnyJohn180', 'Johny', 'John', 'default.png', 1, '922johnjohnyslongfortesting@gmail.com', 1, '$2b$12$L0W0gYiGNQPYnVf/wwFCROpUvSUfLPbA94fswZWO66tbxGfU6mnJO', NULL, NULL),
(991, 'JohnyJohn614', 'Johny', 'John', 'default.png', 1, '923johnjohnyslongfortesting@gmail.com', 1, '$2b$12$nZ5mKeJCwa/uw9SvSn6yjOUsUqS9pidnhCQ.mJOikq1jaXoU2l1gy', NULL, NULL),
(992, 'JohnyJohn908', 'Johny', 'John', 'default.png', 1, '924johnjohnyslongfortesting@gmail.com', 1, '$2b$12$9bCq7EjygdiLXpWuDk6o.uYCLyXSKaR/hZLlTN1l4mdGDURKKqnEy', NULL, NULL),
(993, 'JohnyJohn595', 'Johny', 'John', 'default.png', 1, '925johnjohnyslongfortesting@gmail.com', 1, '$2b$12$pghQGuCNUwP5RLE5bHaByux70Uz.0Xa84fIIxvXsOt/qEysrtPpES', NULL, NULL),
(994, 'JohnyJohn601', 'Johny', 'John', 'default.png', 1, '926johnjohnyslongfortesting@gmail.com', 1, '$2b$12$hKFOzmDPgxDSPVkRqEZy1uW3Q3FkYCDs4eCjKuO0IB7.mwpyjKjWy', NULL, NULL),
(995, 'JohnyJohn008', 'Johny', 'John', 'default.png', 1, '927johnjohnyslongfortesting@gmail.com', 1, '$2b$12$4so3ovHuwkUO2tqGPKlUlevPGA8V2D9QSqBiOkQRiN7rtfVLzY6Oi', NULL, NULL),
(996, 'JohnyJohn646', 'Johny', 'John', 'default.png', 1, '928johnjohnyslongfortesting@gmail.com', 1, '$2b$12$22m7Z8.QBtivrlprl42IfeoH312cCpiV5oCR4MTvwGDY4p1mMDA6W', NULL, NULL),
(997, 'JohnyJohn602', 'Johny', 'John', 'default.png', 1, '929johnjohnyslongfortesting@gmail.com', 1, '$2b$12$YlmLR2oL3FpucAhmMK5KIe5v3YMBvmyceb/gxNPn7czUCTv04q80W', NULL, NULL),
(998, 'JohnyJohn295', 'Johny', 'John', 'default.png', 1, '930johnjohnyslongfortesting@gmail.com', 1, '$2b$12$1vvD.lA1GDMEEECdeqgYp.sbe5n4q4cirv61HIS3BJLFaUlXZHR0u', NULL, NULL),
(999, 'JohnyJohn740', 'Johny', 'John', 'default.png', 1, '931johnjohnyslongfortesting@gmail.com', 1, '$2b$12$B7SGzuNMsIzDK6UjQnP8E.UgmFxOtHE53bVT0nqe46LdiESAcXHO6', NULL, NULL),
(1000, 'JohnyJohn848', 'Johny', 'John', 'default.png', 1, '932johnjohnyslongfortesting@gmail.com', 1, '$2b$12$QMJyaTA0ET.MIV3fhX1VGeZucwRkDp4U09gOdiQr2p3SQZFMux0IO', NULL, NULL),
(1001, 'JohnyJohn290', 'Johny', 'John', 'default.png', 1, '933johnjohnyslongfortesting@gmail.com', 1, '$2b$12$ZlwC71c4Z8LbHlEv2sxu3u1C8CzhL.sIZ9k1BLwII/46ypPe.0AKa', NULL, NULL),
(1002, 'JohnyJohn009', 'Johny', 'John', 'default.png', 1, '934johnjohnyslongfortesting@gmail.com', 1, '$2b$12$YTwmfNaLI3y1Wtoj3iqXNOi1.SeJQqCxI/mdTIRjliUwM/681ycn6', NULL, NULL),
(1003, 'JohnyJohn193', 'Johny', 'John', 'default.png', 1, '935johnjohnyslongfortesting@gmail.com', 1, '$2b$12$pvcEMMRadZRMJrIHfU8FG.6tEWCrfh0PAd..n/AVsIv6MHPg0iOp6', NULL, NULL),
(1004, 'JohnyJohn604', 'Johny', 'John', 'default.png', 1, '936johnjohnyslongfortesting@gmail.com', 1, '$2b$12$BkWA5U3.CCKSNCe9zL1Ph.95fCq63qurmt9I9nTZr9GicCBauZrba', NULL, NULL),
(1005, 'JohnyJohn212', 'Johny', 'John', 'default.png', 1, '937johnjohnyslongfortesting@gmail.com', 1, '$2b$12$KOQGNsLqyvlX3SO.rNe5oOkd4K4pfj5XM4K1yvL1aI6Rx3SloDJnS', NULL, NULL),
(1006, 'JohnyJohn268', 'Johny', 'John', 'default.png', 1, '938johnjohnyslongfortesting@gmail.com', 1, '$2b$12$mEzOtuN96elLFedAhLxeA.PXn.9zDJhVzGXTj14JIP.Km8iynb2Vq', NULL, NULL),
(1007, 'JohnyJohn871', 'Johny', 'John', 'default.png', 1, '939johnjohnyslongfortesting@gmail.com', 1, '$2b$12$8nxQhMugUBgFyWR3UEXgFe9dGAgM.AV6cnfjH9Kp9HhJ7LNu9jSQG', NULL, NULL),
(1008, 'JohnyJohn801', 'Johny', 'John', 'default.png', 1, '940johnjohnyslongfortesting@gmail.com', 1, '$2b$12$DgOzyj6BeQOaM3zkVApNFumKk2A0uGOvy0uJLcxuauWc271d.xfVK', NULL, NULL),
(1009, 'JohnyJohn213', 'Johny', 'John', 'default.png', 1, '941johnjohnyslongfortesting@gmail.com', 1, '$2b$12$f.fsd77ftGkppEDU9EbV2eGelsATxFPGeo5tn4xIg8OvC1JZbT61i', NULL, NULL),
(1010, 'JohnyJohn016', 'Johny', 'John', 'default.png', 1, '942johnjohnyslongfortesting@gmail.com', 1, '$2b$12$dhdYmBMkhybJeM81kOKELee8sX.RnN5wI4JqaFKaNPQWicCck25Hm', NULL, NULL),
(1011, 'JohnyJohn217', 'Johny', 'John', 'default.png', 1, '943johnjohnyslongfortesting@gmail.com', 1, '$2b$12$gaAFWOLZaUh8NWWLxedPXesvRsbf9bIIoHoY4Y2BVnMA4VAP6Rn6W', NULL, NULL),
(1012, 'JohnyJohn849', 'Johny', 'John', 'default.png', 1, '944johnjohnyslongfortesting@gmail.com', 1, '$2b$12$O67I8xMlj/BMs8Ar6V1XsOGyxZyCj2u8n6mUZOlogC.6fwhW8CaWW', NULL, NULL),
(1013, 'JohnyJohn076', 'Johny', 'John', 'default.png', 1, '945johnjohnyslongfortesting@gmail.com', 1, '$2b$12$1i02QWGxAdxVs4gk/m3e9.6WVzB4oq8Bcx4ivZYYl7PaWIP2u3CV6', NULL, NULL),
(1014, 'JohnyJohn663', 'Johny', 'John', 'default.png', 1, '946johnjohnyslongfortesting@gmail.com', 1, '$2b$12$RNlmhsdzxjoimh6GN2IUK.QuP.YOyU/MAxmKjg4D9z6I2zfJCnKE.', NULL, NULL),
(1015, 'JohnyJohn606', 'Johny', 'John', 'default.png', 1, '947johnjohnyslongfortesting@gmail.com', 1, '$2b$12$9qWLrh68Z2T8iwo.XAK43OZAQZW0p/G/s9a4MdTNAf54sE5owrmfe', NULL, NULL),
(1016, 'JohnyJohn302', 'Johny', 'John', 'default.png', 1, '948johnjohnyslongfortesting@gmail.com', 1, '$2b$12$F.C0xs81YSPZzlbC5Tzd/uJ99UMKp3EzFuimZWJmunVsGE6JnbxPO', NULL, NULL),
(1017, 'JohnyJohn227', 'Johny', 'John', 'default.png', 1, '949johnjohnyslongfortesting@gmail.com', 1, '$2b$12$N4zvejpCX2hHTDgERY4MEe.3V8jpPE.T6YMtry.rJjyD9YMvZW6v.', NULL, NULL),
(1018, 'JohnyJohn803', 'Johny', 'John', 'default.png', 1, '950johnjohnyslongfortesting@gmail.com', 1, '$2b$12$gthmEj2vGMPoK2qF26snpeTYD/vNk0JWlSdomfiXqBKliET4JnohK', NULL, NULL),
(1019, 'JohnyJohn641', 'Johny', 'John', 'default.png', 1, '951johnjohnyslongfortesting@gmail.com', 1, '$2b$12$8LHxcZIrFU9wfjojmiBN4.W9zUTxy21V.GF49nc9CgccylhsRCmS.', NULL, NULL),
(1020, 'JohnyJohn744', 'Johny', 'John', 'default.png', 1, '952johnjohnyslongfortesting@gmail.com', 1, '$2b$12$n13syHi7DLWZmRZNUXghY.KBMS1LX/L1KDqbxm2XT68pGhgqgOssW', NULL, NULL),
(1021, 'JohnyJohn642', 'Johny', 'John', 'default.png', 1, '953johnjohnyslongfortesting@gmail.com', 1, '$2b$12$MtyVPEL9vZEmrzQ/I4Cl.uagW9ST9AIK1F6d6CpIqAoELQ1oYzzYa', NULL, NULL),
(1022, 'JohnyJohn229', 'Johny', 'John', 'default.png', 1, '954johnjohnyslongfortesting@gmail.com', 1, '$2b$12$EpUH7S9zCpfNGBg0SrpdjOjV8pDfnfB9ZIMFk2ccpmyu4esYXfVp2', NULL, NULL),
(1023, 'JohnyJohn664', 'Johny', 'John', 'default.png', 1, '955johnjohnyslongfortesting@gmail.com', 1, '$2b$12$1fEIAmLWmxS.EzrGL4YaEeaAwbqmK6QXd45OrpSEQDqhG2qGQtoOC', NULL, NULL),
(1024, 'JohnyJohn810', 'Johny', 'John', 'default.png', 1, '956johnjohnyslongfortesting@gmail.com', 1, '$2b$12$wn6OtW63C0vzmkTqnMyLmO1RKk3TgBBDctDe7eBPHRWpbcCm/epz6', NULL, NULL),
(1025, 'JohnyJohn232', 'Johny', 'John', 'default.png', 1, '957johnjohnyslongfortesting@gmail.com', 1, '$2b$12$M4kQKvKLEbFBeNUeZv8VUOnTXUHeNjV6RHgE051rWy.UlyfGkuFCy', NULL, NULL),
(1026, 'JohnyJohn853', 'Johny', 'John', 'default.png', 1, '958johnjohnyslongfortesting@gmail.com', 1, '$2b$12$TCrkpo8HwR8Lyqn4YFcb.eQKuNOLugsd.udTVv.usaBS2r7aa8tL6', NULL, NULL),
(1027, 'JohnyJohn813', 'Johny', 'John', 'default.png', 1, '959johnjohnyslongfortesting@gmail.com', 1, '$2b$12$lup8W8OKCINkNmcN0tfss.3avzF/72wYxRAB0MSihU8ndPKuDhD86', NULL, NULL),
(1028, 'JohnyJohn817', 'Johny', 'John', 'default.png', 1, '960johnjohnyslongfortesting@gmail.com', 1, '$2b$12$Dut1Tqaki5CifHq2UjXSCO.C4s7InibCttKhYh9GICbPZ3fOSlURC', NULL, NULL),
(1029, 'JohnyJohn854', 'Johny', 'John', 'default.png', 1, '961johnjohnyslongfortesting@gmail.com', 1, '$2b$12$6S5y6gw6tEvYCYa1lpgBXOPvq/lYgu08Nm4CzVRhVB1YlmYxCiwYe', NULL, NULL),
(1030, 'JohnyJohn892', 'Johny', 'John', 'default.png', 1, '962johnjohnyslongfortesting@gmail.com', 1, '$2b$12$O9HFhyOwEondtp8AhYCUqOC4HPUPZON3vVVWcZqR97YMqMhMUEwge', NULL, NULL),
(1031, 'JohnyJohn669', 'Johny', 'John', 'default.png', 1, '963johnjohnyslongfortesting@gmail.com', 1, '$2b$12$VWISGTeUf5528xnN6choq.jRV9fJAqHh4u7sdI5JGJZMNNM9JYn6W', NULL, NULL),
(1032, 'JohnyJohn670', 'Johny', 'John', 'default.png', 1, '964johnjohnyslongfortesting@gmail.com', 1, '$2b$12$7xzCvmdB44M3P7qbezTLcesk4/bAhlaa.FwN2zRZDKSzmVcfBk.sq', NULL, NULL),
(1033, 'JohnyJohn077', 'Johny', 'John', 'default.png', 1, '965johnjohnyslongfortesting@gmail.com', 1, '$2b$12$I2AvLrkCeC4nMzbxAC6IE.iHZVRxZELbYrx/uQaliQviCa.ztK1ry', NULL, NULL),
(1034, 'JohnyJohn349', 'Johny', 'John', 'default.png', 1, '966johnjohnyslongfortesting@gmail.com', 1, '$2b$12$2VcB/ZEk6MYFNJptMHvkne4XgrsGC7SFPR2DbsHq6o2fbaTebU3J6', NULL, NULL),
(1035, 'JohnyJohn236', 'Johny', 'John', 'default.png', 1, '967johnjohnyslongfortesting@gmail.com', 1, '$2b$12$yFtgDHKJcuOeulTtlLhz8e.YCpMvByO914o1RJf2HLIlp0P76s5wu', NULL, NULL),
(1036, 'JohnyJohn858', 'Johny', 'John', 'default.png', 1, '968johnjohnyslongfortesting@gmail.com', 1, '$2b$12$xth5O1zzyE1LzrkMpRTyK.inBCEG/UpMZavwo.GJmFKbtPkLgMqnK', NULL, NULL),
(1037, 'JohnyJohn291', 'Johny', 'John', 'default.png', 1, '969johnjohnyslongfortesting@gmail.com', 1, '$2b$12$GG9BpNUrM9.40m41V75Pa.FQbAHr5Mo/05GMTOrTLJfoHEvFaZYjm', NULL, NULL),
(1038, 'JohnyJohn271', 'Johny', 'John', 'default.png', 1, '970johnjohnyslongfortesting@gmail.com', 1, '$2b$12$Pz/Oe5cxXe912Nc7WOAMtumoW/DZ5yopc0OQz3P3Zql.88Qas/XZO', NULL, NULL),
(1039, 'JohnyJohn895', 'Johny', 'John', 'default.png', 1, '971johnjohnyslongfortesting@gmail.com', 1, '$2b$12$GfMWSk3E2hWo7uqc0kgiHeVcGGOZuRZabgjdS/IYgJo2t.jqiGJ2a', NULL, NULL),
(1040, 'JohnyJohn678', 'Johny', 'John', 'default.png', 1, '972johnjohnyslongfortesting@gmail.com', 1, '$2b$12$QLj6yI2s/txupBA5r//iHOUg9BGNlx9MqB9UyQ/w3rxQLVrRPq1re', NULL, NULL),
(1041, 'JohnyJohn273', 'Johny', 'John', 'default.png', 1, '973johnjohnyslongfortesting@gmail.com', 1, '$2b$12$RJ9gG1f.2utjaAr2jg7Reesk8XvdJgiHKdoo3WWjHoYdAw0AUy4o2', NULL, NULL),
(1042, 'JohnyJohn893', 'Johny', 'John', 'default.png', 1, '974johnjohnyslongfortesting@gmail.com', 1, '$2b$12$i/7Xbkstlh7u83y9OXlx9ua6kYMdMuRbA/plHWhk.dKqOvdoASdce', NULL, NULL),
(1043, 'JohnyJohn679', 'Johny', 'John', 'default.png', 1, '975johnjohnyslongfortesting@gmail.com', 1, '$2b$12$p04hTp2IZ9RInZt8NzAWUOk2iyjDaeI.0rVv5YyVYBqQt47Kn7Yyu', NULL, NULL),
(1044, 'JohnyJohn680', 'Johny', 'John', 'default.png', 1, '976johnjohnyslongfortesting@gmail.com', 1, '$2b$12$WUnpYjnVr8B/c1Wx7z.PVODCCiCJCJB1Qf1aueFZQqqYtDQEQW4lO', NULL, NULL),
(1045, 'JohnyJohn898', 'Johny', 'John', 'default.png', 1, '977johnjohnyslongfortesting@gmail.com', 1, '$2b$12$ZTp6PdjnuH0YOTTkF4WOZ.yfxHsDhqhCvSgJwVTjnbc1RFPkodVI6', NULL, NULL),
(1046, 'JohnyJohn089', 'Johny', 'John', 'default.png', 1, '978johnjohnyslongfortesting@gmail.com', 1, '$2b$12$XV4sIcfGkbgxiymIuB7A0Ovgcy2/1mQlLmoQsq1qNbTLXYAWHuB8O', NULL, NULL),
(1047, 'JohnyJohn903', 'Johny', 'John', 'default.png', 1, '979johnjohnyslongfortesting@gmail.com', 1, '$2b$12$Yx1adq2wNXnF7vfjezHSn.dE2pfUk2Y1xdErAqLPfhbvTvBKpP98G', NULL, NULL),
(1048, 'JohnyJohn907', 'Johny', 'John', 'default.png', 1, '980johnjohnyslongfortesting@gmail.com', 1, '$2b$12$x2bZrjRa2U8MSzJZypSJ8e6In45IMSautdsorLa/VI5j9FkgkkYR.', NULL, NULL),
(1049, 'JohnyJohn102', 'Johny', 'John', 'default.png', 1, '981johnjohnyslongfortesting@gmail.com', 1, '$2b$12$pPXltYdJdKT8mHtsKO5ho.Rnl5gK41tEE3cIbPpO2142dGY.Z0UWe', NULL, NULL),
(1050, 'JohnyJohn904', 'Johny', 'John', 'default.png', 1, '982johnjohnyslongfortesting@gmail.com', 1, '$2b$12$mzTiAThBTTTtezTr6WAvFu4g0jlBMyr9dprTNgjTsFWBAchspFm4G', NULL, NULL),
(1051, 'JohnyJohn104', 'Johny', 'John', 'default.png', 1, '983johnjohnyslongfortesting@gmail.com', 1, '$2b$12$9mEPEGIHQTqm9EaFosnhpui0igF0W9ZD7qEnEfd0PfS4TBveqnOkS', NULL, NULL),
(1052, 'JohnyJohn276', 'Johny', 'John', 'default.png', 1, '984johnjohnyslongfortesting@gmail.com', 1, '$2b$12$dGxZAtH84oXcb4Xt5myHseSkuIsTy9q4fE4czlAyraHYetdpgvv8O', NULL, NULL),
(1053, 'JohnyJohn687', 'Johny', 'John', 'default.png', 1, '985johnjohnyslongfortesting@gmail.com', 1, '$2b$12$KR6Y5atmbda8cfuiJeWhKeSj8AGn6aWUnk1ISZ8RTW8J0mC0vKZm.', NULL, NULL),
(1054, 'JohnyJohn280', 'Johny', 'John', 'default.png', 1, '986johnjohnyslongfortesting@gmail.com', 1, '$2b$12$wPONENNpmQO.2CI4I9yzP.7Xn1Hekzr4tPUA9TOab/Ci74paaepo.', NULL, NULL),
(1055, 'JohnyJohn292', 'Johny', 'John', 'default.png', 1, '987johnjohnyslongfortesting@gmail.com', 1, '$2b$12$GimSwOxLF0JyKH44XfLiD.H6vpyvYjcK3H627dNDFI5SdIB8U0L4G', NULL, NULL),
(1056, 'JohnyJohn298', 'Johny', 'John', 'default.png', 1, '988johnjohnyslongfortesting@gmail.com', 1, '$2b$12$rMqaDID85CtA8frc8ovDsOmdoP3Uy29voL8iVrac.wactNIRPN1f6', NULL, NULL),
(1057, 'JohnyJohn325', 'Johny', 'John', 'default.png', 1, '989johnjohnyslongfortesting@gmail.com', 1, '$2b$12$Nm5F8fSbt5soi4DInX35sOQtoDHYtPo5wtOyc.xvg/slxGn5zFFXC', NULL, NULL),
(1058, 'JohnyJohn318', 'Johny', 'John', 'default.png', 1, '990johnjohnyslongfortesting@gmail.com', 1, '$2b$12$fUl1dvAvln3vyBksqMMO3.gk7TZkcO3vLRuo79AXsYZeoVL0OQiE2', NULL, NULL),
(1059, 'JohnyJohn321', 'Johny', 'John', 'default.png', 1, '991johnjohnyslongfortesting@gmail.com', 1, '$2b$12$GKmlmw6L3MUxFvz2fyuTA.x7jufc19sxDICuVHCZKwK87r5xEsMoK', NULL, NULL),
(1060, 'JohnyJohn324', 'Johny', 'John', 'default.png', 1, '992johnjohnyslongfortesting@gmail.com', 1, '$2b$12$m38xJetBHn2jJz8nKJ8.pOK3ZBufxFWX1yZaO5BwHcvxM99jyuXtG', NULL, NULL),
(1061, 'JohnyJohn328', 'Johny', 'John', 'default.png', 1, '993johnjohnyslongfortesting@gmail.com', 1, '$2b$12$Y5g9n.tC9iRsxr/fD59iG.REVaAMVO5c2of2Bu760gUqdhE4CTbCq', NULL, NULL),
(1062, 'JohnyJohn339', 'Johny', 'John', 'default.png', 1, '994johnjohnyslongfortesting@gmail.com', 1, '$2b$12$SF4UFdzcbiFlKoqq5Y50teGzn4F72VnhFbOpdqwQsHapV6wRGetKO', NULL, NULL),
(1063, 'JohnyJohn688', 'Johny', 'John', 'default.png', 1, 'johnjohnyslongfortesting@gmail.com', 1, '$2b$12$DxPW2mAzKrjkJ6eABRMNQOph5qyvjK0RDbPCr0kVtigopIKQZfLwG', NULL, NULL),
(1064, 'JohnyJohn689', 'Johny', 'John', 'default.png', 1, 'johnjohnyslongfortesting1@gmail.com', 1, '$2b$12$3zD3ZCKjWXSHjWBiEXhmYu/XO4IlywAvwVzIIZ/13Dqh.rjDeEaZm', NULL, NULL),
(1065, 'JohnyJohn340', 'Johny', 'John', 'default.png', 1, 'johnjohnyslongfortesting2@gmail.com', 1, '$2b$12$EqHCSEZumOXV8UT2fgI46O0DB4AqySVlEuh0yIcjmd296eKnMy6Ni', NULL, NULL),
(1066, 'JohnyJohn342', 'Johny', 'John', 'default.png', 1, 'johnjohnyslongfortesting3@gmail.com', 1, '$2b$12$FPVEm2kSZVovioTiT5Ms.uS6VQPEnSugKOB9400kqWrhZsNWoaw86', NULL, NULL),
(1067, 'JohnyJohn348', 'Johny', 'John', 'default.png', 1, 'johnjohnyslongfortesting4@gmail.com', 1, '$2b$12$yL6sMCKGapqOHjIqZumLue.wqsCQIppvVhsfPL406SQR/Qs8UczsG', NULL, NULL),
(1068, 'JohnyJohn350', 'Johny', 'John', 'default.png', 1, 'johnjohnyslongfortesting5@gmail.com', 1, '$2b$12$IYflXUAiqfbkcie34IFpheu23NggpzyOrBucv8KqKySlayjtOryNe', NULL, NULL),
(1069, 'tranthon', 'Thong', 'Tran', 'default.jpg', 1, 'thonganhtran2012@gmail.com', 1, '$2b$12$Oe05S5tQOtAv7UqlafRb1.gd6Xfcpw7ROj8QS1ZxKKgaZOGMont5i', '2019-01-14 17:55:45', NULL),
(1070, 'admin', 'admin', 'admin', 'default.jpg', 1, 'mwan@pdx.edu', 1, '$2b$12$/zO1rBTBa1A9NJLlw.zCIe7/KL97bScs8gNOqm2zC4fHn9JkMqp/m', NULL, NULL),
(1071, 'admin', 'admin', 'admin', 'default.jpg', 1, 'mwan@pdx.edu', 1, '$2b$12$5CDOYNl5Drr9CK/sbIbyRueHqpXsc2XKqt7auJesLDWVLGowkAEVG', NULL, NULL);

--
-- Triggers `users`
--
DELIMITER $$
CREATE TRIGGER `Set_Role` AFTER INSERT ON `users` FOR EACH ROW Insert Into user_roles (user_id, role_id) VALUES (NEW.user_id, 1)
$$
DELIMITER ;

-- --------------------------------------------------------

--
-- Stand-in structure for view `user_aggregate`
-- (See below for the actual view)
--
CREATE TABLE `user_aggregate` (
`username` varchar(20)
,`badge_name` varchar(50)
,`total_points` decimal(32,0)
,`current_level` int(2)
);

-- --------------------------------------------------------

--
-- Table structure for table `user_roles`
--

CREATE TABLE `user_roles` (
  `user_id` int(11) NOT NULL,
  `role_id` int(11) DEFAULT NULL
) ENGINE=InnoDB DEFAULT CHARSET=latin1;

--
-- Dumping data for table `user_roles`
--

INSERT INTO `user_roles` (`user_id`, `role_id`) VALUES
(2, 1),
(4, 1),
(5, 1),
(6, 1),
(7, 1),
(8, 1),
(9, 1),
(10, 1),
(11, 1),
(12, 1),
(14, 1),
(21, 1),
(22, 1),
(23, 1),
(24, 1),
(26, 1),
(27, 1),
(28, 1),
(29, 1),
(30, 1),
(31, 1),
(32, 1),
(33, 1),
(34, 1),
(35, 1),
(36, 1),
(37, 1),
(38, 1),
(39, 1),
(40, 1),
(41, 1),
(42, 1),
(43, 1),
(44, 1),
(45, 1),
(46, 1),
(47, 1),
(48, 1),
(49, 1),
(50, 1),
(51, 1),
(52, 1),
(53, 1),
(54, 1),
(55, 1),
(56, 1),
(57, 1),
(58, 1),
(59, 1),
(60, 1),
(61, 1),
(62, 1),
(63, 1),
(64, 1),
(65, 1),
(66, 1),
(67, 1),
(68, 1),
(69, 1),
(70, 1),
(71, 1),
(72, 1),
(73, 1),
(74, 1),
(75, 1),
(76, 1),
(77, 1),
(78, 1),
(79, 1),
(80, 1),
(81, 1),
(82, 1),
(83, 1),
(84, 1),
(85, 1),
(86, 1),
(87, 1),
(88, 1),
(89, 1),
(90, 1),
(91, 1),
(92, 1),
(93, 1),
(94, 1),
(95, 1),
(96, 1),
(97, 1),
(98, 1),
(99, 1),
(100, 1),
(101, 1),
(102, 1),
(103, 1),
(104, 1),
(105, 1),
(106, 1),
(107, 1),
(108, 1),
(109, 1),
(110, 1),
(111, 1),
(112, 1),
(113, 1),
(114, 1),
(115, 1),
(116, 1),
(117, 1),
(118, 1),
(119, 1),
(120, 1),
(121, 1),
(122, 1),
(123, 1),
(124, 1),
(125, 1),
(126, 1),
(127, 1),
(128, 1),
(129, 1),
(130, 1),
(131, 1),
(132, 1),
(133, 1),
(134, 1),
(135, 1),
(136, 1),
(137, 1),
(138, 1),
(139, 1),
(140, 1),
(141, 1),
(142, 1),
(143, 1),
(144, 1),
(145, 1),
(146, 1),
(147, 1),
(148, 1),
(149, 1),
(150, 1),
(151, 1),
(152, 1),
(153, 1),
(154, 1),
(155, 1),
(156, 1),
(157, 1),
(158, 1),
(159, 1),
(160, 1),
(161, 1),
(162, 1),
(163, 1),
(164, 1),
(165, 1),
(166, 1),
(167, 1),
(168, 1),
(169, 1),
(170, 1),
(171, 1),
(172, 1),
(173, 1),
(174, 1),
(175, 1),
(176, 1),
(177, 1),
(178, 1),
(179, 1),
(180, 1),
(181, 1),
(182, 1),
(183, 1),
(184, 1),
(185, 1),
(186, 1),
(187, 1),
(188, 1),
(189, 1),
(190, 1),
(191, 1),
(192, 1),
(193, 1),
(194, 1),
(195, 1),
(196, 1),
(197, 1),
(198, 1),
(199, 1),
(200, 1),
(201, 1),
(202, 1),
(203, 1),
(204, 1),
(205, 1),
(206, 1),
(207, 1),
(208, 1),
(209, 1),
(210, 1),
(211, 1),
(212, 1),
(213, 1),
(214, 1),
(215, 1),
(216, 1),
(217, 1),
(218, 1),
(219, 1),
(220, 1),
(221, 1),
(222, 1),
(223, 1),
(224, 1),
(225, 1),
(226, 1),
(227, 1),
(228, 1),
(229, 1),
(230, 1),
(231, 1),
(232, 1),
(233, 1),
(234, 1),
(235, 1),
(236, 1),
(237, 1),
(238, 1),
(239, 1),
(240, 1),
(241, 1),
(242, 1),
(243, 1),
(244, 1),
(245, 1),
(246, 1),
(247, 1),
(248, 1),
(249, 1),
(250, 1),
(251, 1),
(252, 1),
(253, 1),
(254, 1),
(255, 1),
(256, 1),
(257, 1),
(258, 1),
(259, 1),
(260, 1),
(261, 1),
(262, 1),
(263, 1),
(264, 1),
(265, 1),
(266, 1),
(267, 1),
(268, 1),
(269, 1),
(270, 1),
(271, 1),
(272, 1),
(273, 1),
(274, 1),
(275, 1),
(276, 1),
(277, 1),
(278, 1),
(279, 1),
(280, 1),
(281, 1),
(282, 1),
(283, 1),
(284, 1),
(285, 1),
(286, 1),
(287, 1),
(288, 1),
(289, 1),
(290, 1),
(291, 1),
(292, 1),
(293, 1),
(294, 1),
(295, 1),
(296, 1),
(297, 1),
(298, 1),
(299, 1),
(300, 1),
(301, 1),
(302, 1),
(303, 1),
(304, 1),
(305, 1),
(306, 1),
(307, 1),
(308, 1),
(309, 1),
(310, 1),
(311, 1),
(312, 1),
(313, 1),
(314, 1),
(315, 1),
(316, 1),
(317, 1),
(318, 1),
(319, 1),
(320, 1),
(321, 1),
(322, 1),
(323, 1),
(324, 1),
(325, 1),
(326, 1),
(327, 1),
(328, 1),
(329, 1),
(330, 1),
(331, 1),
(332, 1),
(333, 1),
(334, 1),
(335, 1),
(336, 1),
(337, 1),
(338, 1),
(339, 1),
(340, 1),
(341, 1),
(342, 1),
(343, 1),
(344, 1),
(345, 1),
(346, 1),
(347, 1),
(348, 1),
(349, 1),
(350, 1),
(351, 1),
(352, 1),
(353, 1),
(354, 1),
(355, 1),
(356, 1),
(357, 1),
(358, 1),
(359, 1),
(360, 1),
(361, 1),
(362, 1),
(363, 1),
(364, 1),
(365, 1),
(366, 1),
(367, 1),
(368, 1),
(369, 1),
(370, 1),
(371, 1),
(372, 1),
(373, 1),
(374, 1),
(375, 1),
(376, 1),
(377, 1),
(378, 1),
(379, 1),
(380, 1),
(381, 1),
(382, 1),
(383, 1),
(384, 1),
(385, 1),
(386, 1),
(387, 1),
(388, 1),
(389, 1),
(390, 1),
(391, 1),
(392, 1),
(393, 1),
(394, 1),
(395, 1),
(396, 1),
(397, 1),
(398, 1),
(399, 1),
(400, 1),
(401, 1),
(402, 1),
(403, 1),
(404, 1),
(405, 1),
(406, 1),
(407, 1),
(408, 1),
(409, 1),
(410, 1),
(411, 1),
(412, 1),
(413, 1),
(414, 1),
(415, 1),
(416, 1),
(417, 1),
(418, 1),
(419, 1),
(420, 1),
(421, 1),
(422, 1),
(423, 1),
(424, 1),
(425, 1),
(426, 1),
(427, 1),
(428, 1),
(429, 1),
(430, 1),
(431, 1),
(432, 1),
(433, 1),
(434, 1),
(435, 1),
(436, 1),
(437, 1),
(438, 1),
(439, 1),
(440, 1),
(441, 1),
(442, 1),
(443, 1),
(444, 1),
(445, 1),
(446, 1),
(447, 1),
(448, 1),
(449, 1),
(450, 1),
(451, 1),
(452, 1),
(453, 1),
(454, 1),
(455, 1),
(456, 1),
(457, 1),
(458, 1),
(459, 1),
(460, 1),
(461, 1),
(462, 1),
(463, 1),
(464, 1),
(465, 1),
(466, 1),
(467, 1),
(468, 1),
(469, 1),
(470, 1),
(471, 1),
(472, 1),
(473, 1),
(474, 1),
(475, 1),
(476, 1),
(477, 1),
(478, 1),
(479, 1),
(480, 1),
(481, 1),
(482, 1),
(483, 1),
(484, 1),
(485, 1),
(486, 1),
(487, 1),
(488, 1),
(489, 1),
(490, 1),
(491, 1),
(492, 1),
(493, 1),
(494, 1),
(495, 1),
(496, 1),
(497, 1),
(498, 1),
(499, 1),
(500, 1),
(501, 1),
(502, 1),
(503, 1),
(504, 1),
(505, 1),
(506, 1),
(507, 1),
(508, 1),
(509, 1),
(510, 1),
(511, 1),
(512, 1),
(513, 1),
(514, 1),
(515, 1),
(516, 1),
(517, 1),
(518, 1),
(519, 1),
(520, 1),
(521, 1),
(522, 1),
(523, 1),
(524, 1),
(525, 1),
(526, 1),
(527, 1),
(528, 1),
(529, 1),
(530, 1),
(531, 1),
(532, 1),
(533, 1),
(534, 1),
(535, 1),
(536, 1),
(537, 1),
(538, 1),
(539, 1),
(540, 1),
(541, 1),
(542, 1),
(543, 1),
(544, 1),
(545, 1),
(546, 1),
(547, 1),
(548, 1),
(549, 1),
(550, 1),
(551, 1),
(552, 1),
(553, 1),
(554, 1),
(555, 1),
(556, 1),
(557, 1),
(558, 1),
(559, 1),
(560, 1),
(561, 1),
(562, 1),
(563, 1),
(564, 1),
(565, 1),
(566, 1),
(567, 1),
(568, 1),
(569, 1),
(570, 1),
(571, 1),
(572, 1),
(573, 1),
(574, 1),
(575, 1),
(576, 1),
(577, 1),
(578, 1),
(579, 1),
(580, 1),
(581, 1),
(582, 1),
(583, 1),
(584, 1),
(585, 1),
(586, 1),
(587, 1),
(588, 1),
(589, 1),
(590, 1),
(591, 1),
(592, 1),
(593, 1),
(594, 1),
(595, 1),
(596, 1),
(597, 1),
(598, 1),
(599, 1),
(600, 1),
(601, 1),
(602, 1),
(603, 1),
(604, 1),
(605, 1),
(606, 1),
(607, 1),
(608, 1),
(609, 1),
(610, 1),
(611, 1),
(612, 1),
(613, 1),
(614, 1),
(615, 1),
(616, 1),
(617, 1),
(618, 1),
(619, 1),
(620, 1),
(621, 1),
(622, 1),
(623, 1),
(624, 1),
(625, 1),
(626, 1),
(627, 1),
(628, 1),
(629, 1),
(630, 1),
(631, 1),
(632, 1),
(633, 1),
(634, 1),
(635, 1),
(636, 1),
(637, 1),
(638, 1),
(639, 1),
(640, 1),
(641, 1),
(642, 1),
(643, 1),
(644, 1),
(645, 1),
(646, 1),
(647, 1),
(648, 1),
(649, 1),
(650, 1),
(651, 1),
(652, 1),
(653, 1),
(654, 1),
(655, 1),
(656, 1),
(657, 1),
(658, 1),
(659, 1),
(660, 1),
(661, 1),
(662, 1),
(663, 1),
(664, 1),
(665, 1),
(666, 1),
(667, 1),
(668, 1),
(669, 1),
(670, 1),
(671, 1),
(672, 1),
(673, 1),
(674, 1),
(675, 1),
(676, 1),
(677, 1),
(678, 1),
(679, 1),
(680, 1),
(681, 1),
(682, 1),
(683, 1),
(684, 1),
(685, 1),
(686, 1),
(687, 1),
(688, 1),
(689, 1),
(690, 1),
(691, 1),
(692, 1),
(693, 1),
(694, 1),
(695, 1),
(696, 1),
(697, 1),
(698, 1),
(699, 1),
(700, 1),
(701, 1),
(702, 1),
(703, 1),
(704, 1),
(705, 1),
(706, 1),
(707, 1),
(708, 1),
(709, 1),
(710, 1),
(711, 1),
(712, 1),
(713, 1),
(714, 1),
(715, 1),
(716, 1),
(717, 1),
(718, 1),
(719, 1),
(720, 1),
(721, 1),
(722, 1),
(723, 1),
(724, 1),
(725, 1),
(726, 1),
(727, 1),
(728, 1),
(729, 1),
(730, 1),
(731, 1),
(732, 1),
(733, 1),
(734, 1),
(735, 1),
(736, 1),
(737, 1),
(738, 1),
(739, 1),
(740, 1),
(741, 1),
(742, 1),
(743, 1),
(744, 1),
(745, 1),
(746, 1),
(747, 1),
(748, 1),
(749, 1),
(750, 1),
(751, 1),
(752, 1),
(753, 1),
(754, 1),
(755, 1),
(756, 1),
(757, 1),
(758, 1),
(759, 1),
(760, 1),
(761, 1),
(762, 1),
(763, 1),
(764, 1),
(765, 1),
(766, 1),
(767, 1),
(768, 1),
(769, 1),
(770, 1),
(771, 1),
(772, 1),
(773, 1),
(774, 1),
(775, 1),
(776, 1),
(777, 1),
(778, 1),
(779, 1),
(780, 1),
(781, 1),
(782, 1),
(783, 1),
(784, 1),
(785, 1),
(786, 1),
(787, 1),
(788, 1),
(789, 1),
(790, 1),
(791, 1),
(792, 1),
(793, 1),
(794, 1),
(795, 1),
(796, 1),
(797, 1),
(798, 1),
(799, 1),
(800, 1),
(801, 1),
(802, 1),
(803, 1),
(804, 1),
(805, 1),
(806, 1),
(807, 1),
(808, 1),
(809, 1),
(810, 1),
(811, 1),
(812, 1),
(813, 1),
(814, 1),
(815, 1),
(816, 1),
(817, 1),
(818, 1),
(819, 1),
(820, 1),
(821, 1),
(822, 1),
(823, 1),
(824, 1),
(825, 1),
(826, 1),
(827, 1),
(828, 1),
(829, 1),
(830, 1),
(831, 1),
(832, 1),
(833, 1),
(834, 1),
(835, 1),
(836, 1),
(837, 1),
(838, 1),
(839, 1),
(840, 1),
(841, 1),
(842, 1),
(843, 1),
(844, 1),
(845, 1),
(846, 1),
(847, 1),
(848, 1),
(849, 1),
(850, 1),
(851, 1),
(852, 1),
(853, 1),
(854, 1),
(855, 1),
(856, 1),
(857, 1),
(858, 1),
(859, 1),
(860, 1),
(861, 1),
(862, 1),
(863, 1),
(864, 1),
(865, 1),
(866, 1),
(867, 1),
(868, 1),
(869, 1),
(870, 1),
(871, 1),
(872, 1),
(873, 1),
(874, 1),
(875, 1),
(876, 1),
(877, 1),
(878, 1),
(879, 1),
(880, 1),
(881, 1),
(882, 1),
(883, 1),
(884, 1),
(885, 1),
(886, 1),
(887, 1),
(888, 1),
(889, 1),
(890, 1),
(891, 1),
(892, 1),
(893, 1),
(894, 1),
(895, 1),
(896, 1),
(897, 1),
(898, 1),
(899, 1),
(900, 1),
(901, 1),
(902, 1),
(903, 1),
(904, 1),
(905, 1),
(906, 1),
(907, 1),
(908, 1),
(909, 1),
(910, 1),
(911, 1),
(912, 1),
(913, 1),
(914, 1),
(915, 1),
(916, 1),
(917, 1),
(918, 1),
(919, 1),
(920, 1),
(921, 1),
(922, 1),
(923, 1),
(924, 1),
(925, 1),
(926, 1),
(927, 1),
(928, 1),
(929, 1),
(930, 1),
(931, 1),
(932, 1),
(933, 1),
(934, 1),
(935, 1),
(936, 1),
(937, 1),
(938, 1),
(939, 1),
(940, 1),
(941, 1),
(942, 1),
(943, 1),
(944, 1),
(945, 1),
(946, 1),
(947, 1),
(948, 1),
(949, 1),
(950, 1),
(951, 1),
(952, 1),
(953, 1),
(954, 1),
(955, 1),
(956, 1),
(957, 1),
(958, 1),
(959, 1),
(960, 1),
(961, 1),
(962, 1),
(963, 1),
(964, 1),
(965, 1),
(966, 1),
(967, 1),
(968, 1),
(969, 1),
(970, 1),
(971, 1),
(972, 1),
(973, 1),
(974, 1),
(975, 1),
(976, 1),
(977, 1),
(978, 1),
(979, 1),
(980, 1),
(981, 1),
(982, 1),
(983, 1),
(984, 1),
(985, 1),
(986, 1),
(987, 1),
(988, 1),
(989, 1),
(990, 1),
(991, 1),
(992, 1),
(993, 1),
(994, 1),
(995, 1),
(996, 1),
(997, 1),
(998, 1),
(999, 1),
(1000, 1),
(1001, 1),
(1002, 1),
(1003, 1),
(1004, 1),
(1005, 1),
(1006, 1),
(1007, 1),
(1008, 1),
(1009, 1),
(1010, 1),
(1011, 1),
(1012, 1),
(1013, 1),
(1014, 1),
(1015, 1),
(1016, 1),
(1017, 1),
(1018, 1),
(1019, 1),
(1020, 1),
(1021, 1),
(1022, 1),
(1023, 1),
(1024, 1),
(1025, 1),
(1026, 1),
(1027, 1),
(1028, 1),
(1029, 1),
(1030, 1),
(1031, 1),
(1032, 1),
(1033, 1),
(1034, 1),
(1035, 1),
(1036, 1),
(1037, 1),
(1038, 1),
(1039, 1),
(1040, 1),
(1041, 1),
(1042, 1),
(1043, 1),
(1044, 1),
(1045, 1),
(1046, 1),
(1047, 1),
(1048, 1),
(1049, 1),
(1050, 1),
(1051, 1),
(1052, 1),
(1053, 1),
(1054, 1),
(1055, 1),
(1056, 1),
(1057, 1),
(1058, 1),
(1059, 1),
(1060, 1),
(1061, 1),
(1062, 1),
(1063, 1),
(1064, 1),
(1065, 1),
(1066, 1),
(1067, 1),
(1068, 1),
(1069, 1),
(1070, 1),
(1071, 1);

-- --------------------------------------------------------

--
-- Table structure for table `user_stamps`
--

CREATE TABLE `user_stamps` (
  `user_id` int(11) NOT NULL,
  `stamp_id` int(11) NOT NULL,
  `log_date` datetime NOT NULL,
  `stamp_date` date NOT NULL
) ENGINE=InnoDB DEFAULT CHARSET=latin1;

--
-- Dumping data for table `user_stamps`
--

INSERT INTO `user_stamps` (`user_id`, `stamp_id`, `log_date`, `stamp_date`) VALUES
(2, 1, '2016-03-03 22:03:02', '2018-11-28'),
(2, 1, '2018-11-28 21:58:19', '2018-11-28'),
(2, 2, '2018-11-28 21:55:21', '2018-11-28'),
(2, 3, '2018-11-28 21:55:21', '2018-11-28'),
(2, 4, '2018-11-28 21:55:21', '2018-11-28'),
(2, 5, '2018-11-28 21:55:21', '2018-11-28'),
(2, 6, '2018-11-28 21:55:21', '2018-11-28'),
(2, 7, '2018-11-28 21:55:21', '2018-11-28'),
(2, 20, '2018-11-28 22:21:53', '2018-11-28'),
(2, 26, '2018-11-28 21:55:21', '2018-11-28'),
(2, 33, '2018-11-29 17:46:00', '2018-11-29'),
(2, 34, '2018-11-29 17:46:00', '2018-11-29'),
(2, 35, '2018-11-29 17:46:00', '2018-11-29'),
(2, 36, '2018-11-29 17:46:00', '2018-11-29'),
(2, 37, '2018-11-29 17:45:26', '2018-11-29'),
(2, 38, '2018-11-29 17:45:26', '2018-11-29'),
(2, 39, '2018-11-28 21:55:21', '2018-11-28'),
(2, 39, '2018-11-29 17:45:26', '2018-11-29'),
(2, 40, '2018-11-29 17:46:39', '2018-11-29'),
(2, 41, '2018-11-29 17:46:39', '2018-11-29'),
(2, 42, '2018-11-29 17:46:54', '2018-11-29'),
(2, 48, '2018-11-28 21:55:21', '2018-11-28'),
(4, 7, '2018-11-28 21:55:21', '2018-11-28'),
(4, 9, '2019-01-02 20:27:17', '2019-01-15'),
(4, 26, '2018-11-28 21:55:21', '2018-11-28'),
(4, 39, '2018-11-28 21:55:21', '2018-11-28'),
(4, 48, '2018-11-28 21:55:21', '2018-11-28'),
(7, 1, '2018-11-29 17:41:45', '2018-11-29'),
(7, 2, '2018-11-29 17:42:02', '2018-11-29'),
(7, 2, '2018-11-29 17:43:59', '2018-11-29'),
(7, 3, '2018-11-29 17:43:58', '2018-11-29'),
(7, 4, '2018-11-29 17:43:58', '2018-11-29'),
(7, 5, '2018-11-29 17:43:58', '2018-11-29'),
(7, 6, '2018-11-29 17:43:58', '2018-11-29'),
(7, 7, '2018-11-29 17:43:58', '2018-11-29'),
(7, 8, '2018-11-29 17:43:58', '2018-11-29'),
(7, 9, '2018-11-29 17:43:58', '2018-11-29'),
(7, 10, '2018-11-29 17:43:58', '2018-11-29'),
(7, 11, '2018-11-29 17:43:58', '2018-11-29'),
(7, 12, '2018-11-29 17:43:58', '2018-11-29'),
(7, 13, '2018-11-29 17:43:58', '2018-11-29'),
(7, 14, '2018-11-29 17:43:58', '2018-11-29'),
(7, 15, '2018-11-29 17:43:58', '2018-11-29'),
(7, 16, '2018-11-29 17:43:58', '2018-11-29'),
(7, 17, '2018-11-29 17:43:58', '2018-11-29'),
(7, 18, '2018-11-29 17:43:58', '2018-11-29'),
(7, 19, '2018-11-29 17:43:58', '2018-11-29'),
(7, 20, '2018-11-29 17:43:58', '2018-11-29'),
(7, 21, '2018-11-29 17:43:58', '2018-11-29'),
(7, 22, '2018-11-29 17:43:58', '2018-11-29'),
(7, 23, '2018-11-29 17:43:58', '2018-11-29'),
(7, 24, '2018-11-29 17:43:58', '2018-11-29'),
(7, 25, '2018-11-29 17:43:58', '2018-11-29'),
(7, 26, '2018-11-29 17:43:58', '2018-11-29'),
(7, 27, '2018-11-29 17:43:59', '2018-11-29'),
(7, 28, '2018-11-29 17:43:59', '2018-11-29'),
(7, 29, '2018-11-29 17:43:59', '2018-11-29'),
(7, 30, '2018-11-29 17:43:59', '2018-11-29'),
(7, 31, '2018-11-29 17:43:59', '2018-11-29'),
(7, 32, '2018-11-29 17:43:59', '2018-11-29'),
(7, 33, '2018-11-29 17:43:59', '2018-11-29'),
(7, 34, '2018-11-29 17:43:59', '2018-11-29'),
(7, 35, '2018-11-29 17:43:59', '2018-11-29'),
(7, 36, '2018-11-29 17:43:59', '2018-11-29'),
(7, 37, '2018-11-29 17:43:59', '2018-11-29'),
(7, 38, '2018-11-29 17:43:59', '2018-11-29'),
(7, 39, '2018-11-29 17:43:59', '2018-11-29'),
(7, 40, '2018-11-29 17:43:59', '2018-11-29'),
(7, 41, '2018-11-29 17:43:59', '2018-11-29'),
(7, 42, '2018-11-29 17:43:59', '2018-11-29'),
(7, 43, '2018-11-29 17:43:59', '2018-11-29'),
(7, 44, '2018-11-29 17:43:59', '2018-11-29'),
(7, 45, '2018-11-29 17:43:59', '2018-11-29'),
(7, 46, '2018-11-29 17:43:59', '2018-11-29'),
(7, 47, '2018-11-29 17:43:59', '2018-11-29'),
(7, 48, '2018-11-29 17:43:59', '2018-11-29'),
(7, 49, '2018-11-29 17:43:59', '2018-11-29'),
(7, 50, '2018-11-29 17:43:59', '2018-11-29'),
(7, 51, '2018-11-29 17:43:59', '2018-11-29'),
(24, 1, '2018-12-20 19:12:48', '2019-01-02'),
(24, 1, '2018-12-20 19:14:52', '2019-01-03'),
(24, 1, '2018-12-20 19:15:20', '2019-01-04'),
(24, 1, '2018-12-20 19:25:03', '2018-12-12'),
(24, 1, '2019-01-02 20:27:57', '2018-12-07'),
(24, 1, '2019-01-06 21:53:36', '2019-02-02'),
(24, 1, '2019-01-06 21:53:43', '2019-02-02'),
(24, 2, '2019-01-06 21:58:55', '2019-02-01'),
(24, 2, '2019-01-06 21:59:08', '2019-02-02'),
(24, 9, '2018-12-20 19:15:05', '2018-12-12'),
(24, 20, '2019-01-02 20:28:38', '2019-01-25'),
(24, 37, '2018-12-20 19:15:26', '2018-11-28'),
(24, 44, '2018-12-29 17:45:11', '2018-12-27'),
(24, 45, '2018-12-14 01:23:56', '2015-02-01'),
(24, 46, '2018-12-29 17:45:33', '2018-12-20'),
(24, 47, '2018-12-29 17:45:54', '2018-12-31'),
(24, 48, '2018-12-20 19:15:31', '2018-11-28'),
(24, 48, '2018-12-20 19:15:36', '2018-11-25'),
(24, 49, '2018-12-29 17:46:10', '2018-12-29'),
(24, 50, '2018-12-29 17:46:17', '2019-01-02'),
(24, 51, '2018-12-29 17:46:24', '2018-12-14'),
(1069, 1, '2019-01-14 11:15:23', '2019-01-15'),
(1069, 1, '2019-01-14 11:15:46', '2019-01-07'),
(1069, 1, '2019-01-14 11:16:45', '2019-01-23'),
(1069, 1, '2019-01-14 11:17:02', '2019-01-04'),
(1069, 1, '2019-01-14 11:35:11', '2019-02-08'),
(1069, 1, '2019-01-14 11:55:38', '2019-01-02'),
(1069, 1, '2019-01-14 16:46:35', '2019-01-15'),
(1069, 20, '2019-01-14 11:55:51', '2018-12-31'),
(1069, 33, '2019-01-14 15:39:35', '2019-01-18');

-- --------------------------------------------------------

--
-- Structure for view `user_aggregate`
--
DROP TABLE IF EXISTS `user_aggregate`;

CREATE ALGORITHM=UNDEFINED DEFINER=`devmed`@`%.pdx.edu` SQL SECURITY DEFINER VIEW `user_aggregate`  AS  select `u`.`username` AS `username`,`b`.`badge_name` AS `badge_name`,(case when isnull(sum(`s`.`points`)) then 0 else sum(`s`.`points`) end) AS `total_points`,(case when ((`b`.`level10_points` is not null) and (sum(`s`.`points`) >= `b`.`level10_points`)) then 10 when ((`b`.`level9_points` is not null) and (sum(`s`.`points`) >= `b`.`level9_points`)) then 9 when ((`b`.`level8_points` is not null) and (sum(`s`.`points`) >= `b`.`level8_points`)) then 8 when ((`b`.`level7_points` is not null) and (sum(`s`.`points`) >= `b`.`level7_points`)) then 7 when ((`b`.`level6_points` is not null) and (sum(`s`.`points`) >= `b`.`level6_points`)) then 6 when ((`b`.`level5_points` is not null) and (sum(`s`.`points`) >= `b`.`level5_points`)) then 5 when ((`b`.`level4_points` is not null) and (sum(`s`.`points`) >= `b`.`level4_points`)) then 4 when ((`b`.`level3_points` is not null) and (sum(`s`.`points`) >= `b`.`level3_points`)) then 3 when ((`b`.`level2_points` is not null) and (sum(`s`.`points`) >= `b`.`level2_points`)) then 2 when ((`b`.`level1_points` is not null) and (sum(`s`.`points`) >= `b`.`level1_points`)) then 1 else 0 end) AS `current_level` from ((`users` `u` join `badges` `b`) left join (`user_stamps` `us` join `stamps` `s` on((`us`.`stamp_id` = `s`.`stamp_id`))) on(((`u`.`user_id` = `us`.`user_id`) and (`b`.`badge_id` = `s`.`badge_id`)))) where ((year(`us`.`log_date`) = year(curdate())) or isnull(`us`.`log_date`)) group by `u`.`username`,`b`.`badge_name`,`b`.`level1_points`,`b`.`level2_points`,`b`.`level3_points`,`b`.`level4_points`,`b`.`level5_points`,`b`.`level6_points`,`b`.`level7_points`,`b`.`level8_points`,`b`.`level9_points`,`b`.`level10_points` ;

--
-- Indexes for dumped tables
--

--
-- Indexes for table `avatars`
--
ALTER TABLE `avatars`
  ADD PRIMARY KEY (`id`);

--
-- Indexes for table `badges`
--
ALTER TABLE `badges`
  ADD PRIMARY KEY (`badge_id`);

--
-- Indexes for table `level_reset`
--
ALTER TABLE `level_reset`
  ADD PRIMARY KEY (`refresh_date`,`reset_interval`);

--
-- Indexes for table `roles`
--
ALTER TABLE `roles`
  ADD PRIMARY KEY (`role_id`);

--
-- Indexes for table `schools`
--
ALTER TABLE `schools`
  ADD PRIMARY KEY (`school_id`);

--
-- Indexes for table `stamps`
--
ALTER TABLE `stamps`
  ADD PRIMARY KEY (`stamp_id`),
  ADD KEY `badge_id` (`badge_id`);

--
-- Indexes for table `users`
--
ALTER TABLE `users`
  ADD PRIMARY KEY (`user_id`),
  ADD KEY `school_id` (`school_id`),
  ADD KEY `FK_avatarID` (`avatar_id`);

--
-- Indexes for table `user_roles`
--
ALTER TABLE `user_roles`
  ADD PRIMARY KEY (`user_id`),
  ADD KEY `role_id` (`role_id`);

--
-- Indexes for table `user_stamps`
--
ALTER TABLE `user_stamps`
  ADD PRIMARY KEY (`user_id`,`stamp_id`,`log_date`),
  ADD KEY `stamp_id` (`stamp_id`),
  ADD KEY `user_stamps_logdate` (`log_date`);

--
-- AUTO_INCREMENT for dumped tables
--

--
-- AUTO_INCREMENT for table `avatars`
--
ALTER TABLE `avatars`
  MODIFY `id` int(11) NOT NULL AUTO_INCREMENT, AUTO_INCREMENT=8;

--
-- AUTO_INCREMENT for table `badges`
--
ALTER TABLE `badges`
  MODIFY `badge_id` int(11) NOT NULL AUTO_INCREMENT, AUTO_INCREMENT=5;

--
-- AUTO_INCREMENT for table `roles`
--
ALTER TABLE `roles`
  MODIFY `role_id` int(11) NOT NULL AUTO_INCREMENT, AUTO_INCREMENT=3;

--
-- AUTO_INCREMENT for table `schools`
--
ALTER TABLE `schools`
  MODIFY `school_id` int(11) NOT NULL AUTO_INCREMENT, AUTO_INCREMENT=3;

--
-- AUTO_INCREMENT for table `stamps`
--
ALTER TABLE `stamps`
  MODIFY `stamp_id` int(11) NOT NULL AUTO_INCREMENT, AUTO_INCREMENT=52;

--
-- AUTO_INCREMENT for table `users`
--
ALTER TABLE `users`
  MODIFY `user_id` int(11) NOT NULL AUTO_INCREMENT, AUTO_INCREMENT=1072;

--
-- Constraints for dumped tables
--

--
-- Constraints for table `stamps`
--
ALTER TABLE `stamps`
  ADD CONSTRAINT `stamps_ibfk_1` FOREIGN KEY (`badge_id`) REFERENCES `badges` (`badge_id`);

--
-- Constraints for table `users`
--
ALTER TABLE `users`
  ADD CONSTRAINT `FK_avatarID` FOREIGN KEY (`avatar_id`) REFERENCES `avatars` (`id`),
  ADD CONSTRAINT `users_ibfk_1` FOREIGN KEY (`school_id`) REFERENCES `schools` (`school_id`);

--
-- Constraints for table `user_roles`
--
ALTER TABLE `user_roles`
  ADD CONSTRAINT `user_roles_ibfk_1` FOREIGN KEY (`user_id`) REFERENCES `users` (`user_id`) ON DELETE CASCADE,
  ADD CONSTRAINT `user_roles_ibfk_2` FOREIGN KEY (`role_id`) REFERENCES `roles` (`role_id`);

--
-- Constraints for table `user_stamps`
--
ALTER TABLE `user_stamps`
  ADD CONSTRAINT `user_stamps_ibfk_1` FOREIGN KEY (`stamp_id`) REFERENCES `stamps` (`stamp_id`);
COMMIT;

/*!40101 SET CHARACTER_SET_CLIENT=@OLD_CHARACTER_SET_CLIENT */;
/*!40101 SET CHARACTER_SET_RESULTS=@OLD_CHARACTER_SET_RESULTS */;
/*!40101 SET COLLATION_CONNECTION=@OLD_COLLATION_CONNECTION */;
© 2019 GitHub, Inc.
Terms
Privacy
Security
Status
Help
Contact GitHub
Pricing
API
Training
Blog
About
Press h to open a hovercard with more details.